"DateTime","Players","Average Players"
"2022-01-12 00:00:00",90773,
"2022-01-13 00:00:00",99076,
"2022-01-14 00:00:00",109341,
"2022-01-15 00:00:00",130427,
"2022-01-16 00:00:00",134262,
"2022-01-17 00:00:00",114048,
"2022-01-18 00:00:00",111392,
"2022-01-19 00:00:00",105767,
"2022-01-20 00:00:00",100299,
"2022-01-21 00:00:00",100860,
"2022-01-22 00:00:00",118517,
"2022-01-23 00:00:00",113786,
"2022-01-24 00:00:00",90229,
"2022-01-25 00:00:00",84065,
"2022-01-26 00:00:00",79274,
"2022-01-27 00:00:00",74883,
"2022-01-28 00:00:00",73314,
"2022-01-29 00:00:00",83109,
"2022-01-30 00:00:00",77676,
"2022-01-31 00:00:00",57332,
"2022-02-01 00:00:00",58163,
"2022-02-02 00:00:00",56375,
"2022-02-03 00:00:00",55124,
"2022-02-04 00:00:00",54914,
"2022-02-05 00:00:00",61511,
"2022-02-06 00:00:00",58260,
"2022-02-07 00:00:00",47403,
"2022-02-08 00:00:00",45235,
"2022-02-09 00:00:00",40739,
"2022-02-10 00:00:00",40391,
"2022-02-11 00:00:00",41288,
"2022-02-12 00:00:00",43160,
"2022-02-13 00:00:00",40426,
"2022-02-14 00:00:00",32366,
"2022-02-15 00:00:00",31229,
"2022-02-16 00:00:00",28540,
"2022-02-17 00:00:00",26789,
"2022-02-18 00:00:00",27651,
"2022-02-19 00:00:00",31347,
"2022-02-20 00:00:00",29111,
"2022-02-21 00:00:00",24165,
"2022-02-22 00:00:00",23776,
"2022-02-23 00:00:00",22131,
"2022-02-24 00:00:00",26263,
"2022-02-25 00:00:00",21225,
"2022-02-26 00:00:00",22306,
"2022-02-27 00:00:00",19603,
"2022-02-28 00:00:00",16151,
"2022-03-01 00:00:00",15406,
"2022-03-02 00:00:00",14149,
"2022-03-03 00:00:00",13634,
"2022-03-04 00:00:00",14445,
"2022-03-05 00:00:00",15664,
"2022-03-06 00:00:00",14506,
"2022-03-07 00:00:00",12089,
"2022-03-08 00:00:00",11595,
"2022-03-09 00:00:00",11440,
"2022-03-10 00:00:00",10763,
"2022-03-11 00:00:00",11853,
"2022-03-12 00:00:00",13521,
"2022-03-13 00:00:00",12652,
"2022-03-14 00:00:00",10473,
"2022-03-15 00:00:00",13444,
"2022-03-16 00:00:00",18113,
"2022-03-17 00:00:00",20191,
"2022-03-18 00:00:00",22532,
"2022-03-19 00:00:00",26410,
"2022-03-20 00:00:00",27758,
"2022-03-21 00:00:00",25309,
"2022-03-22 00:00:00",24011,
"2022-03-23 00:00:00",23579,
"2022-03-24 00:00:00",22494,
"2022-03-25 00:00:00",22225,
"2022-03-26 00:00:00",24022,
"2022-03-27 00:00:00",22613,
"2022-03-28 00:00:00",19077,
"2022-03-29 00:00:00",18464,
"2022-03-30 00:00:00",16869,
"2022-03-31 00:00:00",16408,
"2022-04-01 00:00:00",16442,
"2022-04-02 00:00:00",18527,
"2022-04-03 00:00:00",18191,
"2022-04-04 00:00:00",15488,
"2022-04-05 00:00:00",15088,
"2022-04-06 00:00:00",14276,
"2022-04-07 00:00:00",13865,
"2022-04-08 00:00:00",14129,
"2022-04-09 00:00:00",15540,
"2022-04-10 00:00:00",14875,
"2022-04-11 00:00:00",13128,
"2022-04-12 00:00:00",12263,
"2022-04-13 00:00:00",11595,
"2022-04-14 00:00:00",11527,
"2022-04-15 00:00:00",12686,
"2022-04-16 00:00:00",13555,
"2022-04-17 00:00:00",12761,
"2022-04-18 00:00:00",11912,
"2022-04-19 00:00:00",10698,
"2022-04-20 00:00:00",10350,
"2022-04-21 00:00:00",10205,
"2022-04-22 00:00:00",10594,
"2022-04-23 00:00:00",12234,
"2022-04-24 00:00:00",11707,
"2022-04-25 00:00:00",9909,
"2022-04-26 00:00:00",9595,
"2022-04-27 00:00:00",9319,
"2022-04-28 00:00:00",12270,
"2022-04-29 00:00:00",15919,
"2022-04-30 00:00:00",20644,
"2022-05-01 00:00:00",23392,
"2022-05-02 00:00:00",23481,
"2022-05-03 00:00:00",24317,
"2022-05-04 00:00:00",24081,
"2022-05-05 00:00:00",25298,
"2022-05-06 00:00:00",25282,
"2022-05-07 00:00:00",28913,
"2022-05-08 00:00:00",29262,
"2022-05-09 00:00:00",26160,
"2022-05-10 00:00:00",26629,
"2022-05-11 00:00:00",29820,
"2022-05-12 00:00:00",29451,
"2022-05-13 00:00:00",29009,
"2022-05-14 00:00:00",31601,
"2022-05-15 00:00:00",28876,
"2022-05-16 00:00:00",26968,
"2022-05-17 00:00:00",26555,
"2022-05-18 00:00:00",26024,
"2022-05-19 00:00:00",24961,
"2022-05-20 00:00:00",23673,
"2022-05-21 00:00:00",26501,
"2022-05-22 00:00:00",25605,
"2022-05-23 00:00:00",23335,
"2022-05-24 00:00:00",22123,
"2022-05-25 00:00:00",21788,
"2022-05-26 00:00:00",22765,
"2022-05-27 00:00:00",22974,
"2022-05-28 00:00:00",25399,
"2022-05-29 00:00:00",24100,
"2022-05-30 00:00:00",21465,
"2022-05-31 00:00:00",20294,
"2022-06-01 00:00:00",19662,
"2022-06-02 00:00:00",20209,
"2022-06-03 00:00:00",21709,
"2022-06-04 00:00:00",24497,
"2022-06-05 00:00:00",24212,
"2022-06-06 00:00:00",23215,
"2022-06-07 00:00:00",21332,
"2022-06-08 00:00:00",20584,
"2022-06-09 00:00:00",20024,
"2022-06-10 00:00:00",20615,
"2022-06-11 00:00:00",24155,
"2022-06-12 00:00:00",23638,
"2022-06-13 00:00:00",20395,
"2022-06-14 00:00:00",32944,
"2022-06-15 00:00:00",35291,
"2022-06-16 00:00:00",42892,
"2022-06-17 00:00:00",48551,
"2022-06-18 00:00:00",58032,
"2022-06-19 00:00:00",61467,
"2022-06-20 00:00:00",59659,
"2022-06-21 00:00:00",60622,
"2022-06-22 00:00:00",58850,
"2022-06-23 00:00:00",59270,
"2022-06-24 00:00:00",60855,
"2022-06-25 00:00:00",68411,
"2022-06-26 00:00:00",69758,
"2022-06-27 00:00:00",65828,
"2022-06-28 00:00:00",67137,
"2022-06-29 00:00:00",75791,
"2022-06-30 00:00:00",194459,
"2022-07-01 00:00:00",209920,
"2022-07-02 00:00:00",227572,
"2022-07-03 00:00:00",231360,
"2022-07-04 00:00:00",220599,
"2022-07-05 00:00:00",209756,
"2022-07-06 00:00:00",202208,
"2022-07-07 00:00:00",196803,
"2022-07-08 00:00:00",184220,
"2022-07-09 00:00:00",203320,
"2022-07-10 00:00:00",194861,
"2022-07-11 00:00:00",173831,
"2022-07-12 00:00:00",167968,
"2022-07-13 00:00:00",157273,
"2022-07-14 00:00:00",152053,
"2022-07-15 00:00:00",146838,
"2022-07-16 00:00:00",155368,
"2022-07-17 00:00:00",153418,
"2022-07-18 00:00:00",133195,
"2022-07-19 00:00:00",127182,
"2022-07-20 00:00:00",122214,
"2022-07-21 00:00:00",120084,
"2022-07-22 00:00:00",121126,
"2022-07-23 00:00:00",130429,
"2022-07-24 00:00:00",121972,
"2022-07-25 00:00:00",108594,
"2022-07-26 00:00:00",106135,
"2022-07-27 00:00:00",100420,
"2022-07-28 00:00:00",96520,
"2022-07-29 00:00:00",94032,
"2022-07-30 00:00:00",99626,
"2022-07-31 00:00:00",93485,
"2022-08-01 00:00:00",82388,
"2022-08-02 00:00:00",79436,
"2022-08-03 00:00:00",76875,
"2022-08-04 00:00:00",76687,
"2022-08-05 00:00:00",79760,
"2022-08-06 00:00:00",86511,
"2022-08-07 00:00:00",83832,
"2022-08-08 00:00:00",77089,
"2022-08-09 00:00:00",75490,
"2022-08-10 00:00:00",144520,
"2022-08-11 00:00:00",127793,
"2022-08-12 00:00:00",121095,
"2022-08-13 00:00:00",119000,
"2022-08-14 00:00:00",113420,
"2022-08-15 00:00:00",106032,
"2022-08-16 00:00:00",99453,
"2022-08-17 00:00:00",94107,
"2022-08-18 00:00:00",88574,
"2022-08-19 00:00:00",86538,
"2022-08-20 00:00:00",89022,
"2022-08-21 00:00:00",82273,
"2022-08-22 00:00:00",72167,
"2022-08-23 00:00:00",68750,
"2022-08-24 00:00:00",60192,
"2022-08-25 00:00:00",59723,
"2022-08-26 00:00:00",56526,
"2022-08-27 00:00:00",62434,
"2022-08-28 00:00:00",57713,
"2022-08-29 00:00:00",50928,
"2022-08-30 00:00:00",49505,
"2022-08-31 00:00:00",46952,
"2022-09-01 00:00:00",45904,
"2022-09-02 00:00:00",47275,
"2022-09-03 00:00:00",51791,
"2022-09-04 00:00:00",46610,
"2022-09-05 00:00:00",41897,
"2022-09-06 00:00:00",39835,
"2022-09-07 00:00:00",38147,
"2022-09-08 00:00:00",36925,
"2022-09-09 00:00:00",34569,
"2022-09-10 00:00:00",37353,
"2022-09-11 00:00:00",36081,
"2022-09-12 00:00:00",32377,
"2022-09-13 00:00:00",30989,
"2022-09-14 00:00:00",30067,
"2022-09-15 00:00:00",29463,
"2022-09-16 00:00:00",32158,
"2022-09-17 00:00:00",35279,
"2022-09-18 00:00:00",34785,
"2022-09-19 00:00:00",30409,
"2022-09-20 00:00:00",30329,
"2022-09-21 00:00:00",30358,
"2022-09-22 00:00:00",30534,
"2022-09-23 00:00:00",32507,17742
"2022-09-24 00:00:00",37293,21584
"2022-09-25 00:00:00",35441,21394
"2022-09-26 00:00:00",31750,15368
"2022-09-27 00:00:00",31639,15109
"2022-09-28 00:00:00",31241,15122
"2022-09-29 00:00:00",62834,30391
"2022-09-30 00:00:00",55191,28233
"2022-10-01 00:00:00",59195,35867
"2022-10-02 00:00:00",55730,35099
"2022-10-03 00:00:00",49993,27029
"2022-10-04 00:00:00",47438,24289
"2022-10-05 00:00:00",42812,21709
"2022-10-06 00:00:00",40346,20772
"2022-10-07 00:00:00",39792,20946
"2022-10-08 00:00:00",41944,23694
"2022-10-09 00:00:00",41361,23909
"2022-10-10 00:00:00",34764,19448
"2022-10-11 00:00:00",31654,15095
"2022-10-12 00:00:00",31114,14607
"2022-10-13 00:00:00",29872,14315
"2022-10-14 00:00:00",30018,14890
"2022-10-15 00:00:00",33322,19547
"2022-10-16 00:00:00",30780,19190
"2022-10-17 00:00:00",26397,13002
"2022-10-18 00:00:00",25578,12295
"2022-10-19 00:00:00",24270,11592
"2022-10-20 00:00:00",24448,11663
"2022-10-21 00:00:00",24417,12246
"2022-10-22 00:00:00",27145,16055
"2022-10-23 00:00:00",25109,15515
"2022-10-24 00:00:00",21975,10720
"2022-10-25 00:00:00",21008,10160
"2022-10-26 00:00:00",20578,9816
"2022-10-27 00:00:00",20290,9724
"2022-10-28 00:00:00",20271,10214
"2022-10-29 00:00:00",22371,13162
"2022-10-30 00:00:00",20826,12861
"2022-10-31 00:00:00",18326,8985
"2022-11-01 00:00:00",17996,8947
"2022-11-02 00:00:00",16638,8368
"2022-11-03 00:00:00",16595,9058
"2022-11-04 00:00:00",16968,8836
"2022-11-05 00:00:00",18893,11224
"2022-11-06 00:00:00",17735,11078
"2022-11-07 00:00:00",14990,7714
"2022-11-08 00:00:00",14819,7437
"2022-11-09 00:00:00",14406,7188
"2022-11-10 00:00:00",14433,7337
"2022-11-11 00:00:00",17411,9218
"2022-11-12 00:00:00",21494,13188
"2022-11-13 00:00:00",22853,14542
"2022-11-14 00:00:00",21717,11099
"2022-11-15 00:00:00",22212,11299
"2022-11-16 00:00:00",23427,11854
"2022-11-17 00:00:00",25020,12846
"2022-11-18 00:00:00",25677,13493
"2022-11-19 00:00:00",29202,17493
"2022-11-20 00:00:00",29173,18295
"2022-11-21 00:00:00",26338,13880
"2022-11-22 00:00:00",28113,14344
"2022-11-23 00:00:00",27630,15369
"2022-11-24 00:00:00",51105,27324
"2022-11-25 00:00:00",51146,27426
"2022-11-26 00:00:00",55144,33839
"2022-11-27 00:00:00",54002,33032
"2022-11-28 00:00:00",48501,25478
"2022-11-29 00:00:00",48577,24663
"2022-11-30 00:00:00",47502,24029
"2022-12-01 00:00:00",44050,22248
"2022-12-02 00:00:00",44289,23003
"2022-12-03 00:00:00",47753,28576
"2022-12-04 00:00:00",44903,27779
"2022-12-05 00:00:00",39605,20179
"2022-12-06 00:00:00",43564,20748
"2022-12-07 00:00:00",33560,16782
"2022-12-08 00:00:00",32758,16429
"2022-12-09 00:00:00",32196,16300
"2022-12-10 00:00:00",34702,20487
"2022-12-11 00:00:00",33212,20386
"2022-12-12 00:00:00",28966,14712
"2022-12-13 00:00:00",28057,14279
"2022-12-14 00:00:00",26897,13495
"2022-12-15 00:00:00",26116,13195
"2022-12-16 00:00:00",25965,13774
"2022-12-17 00:00:00",28392,17057
"2022-12-18 00:00:00",26796,16701
"2022-12-19 00:00:00",23483,12582
"2022-12-20 00:00:00",23352,12407
"2022-12-21 00:00:00",22466,12153
"2022-12-22 00:00:00",21850,12217
"2022-12-23 00:00:00",23491,13818
"2022-12-24 00:00:00",26134,16631
"2022-12-25 00:00:00",26533,17161
"2022-12-26 00:00:00",27788,16441
"2022-12-27 00:00:00",28846,16967
"2022-12-28 00:00:00",29578,17468
"2022-12-29 00:00:00",30825,18720
"2022-12-30 00:00:00",30957,19343
"2022-12-31 00:00:00",29792,20388
"2023-01-01 00:00:00",32502,21532
"2023-01-02 00:00:00",34044,22193
"2023-01-03 00:00:00",33199,19711
"2023-01-04 00:00:00",33424,19108
"2023-01-05 00:00:00",33681,18824
"2023-01-06 00:00:00",34126,19374
"2023-01-07 00:00:00",35939,22425
"2023-01-08 00:00:00",35916,22946
"2023-01-09 00:00:00",31115,18031
"2023-01-10 00:00:00",29966,16250
"2023-01-11 00:00:00",29058,15597
"2023-01-12 00:00:00",27648,15282
"2023-01-13 00:00:00",28246,16084
"2023-01-14 00:00:00",30996,19743
"2023-01-15 00:00:00",30464,19795
"2023-01-16 00:00:00",26509,15317
"2023-01-17 00:00:00",25662,14257
"2023-01-18 00:00:00",23881,13583
"2023-01-19 00:00:00",23748,13720
"2023-01-20 00:00:00",24487,14794
"2023-01-21 00:00:00",26024,17382
"2023-01-22 00:00:00",27227,18433
"2023-01-23 00:00:00",24052,15274
"2023-01-24 00:00:00",24557,15482
"2023-01-25 00:00:00",24145,15114
"2023-01-26 00:00:00",24966,15175
"2023-01-27 00:00:00",25778,15903
"2023-01-28 00:00:00",29243,18504
"2023-01-29 00:00:00",29008,18904
"2023-01-30 00:00:00",25696,14939
"2023-01-31 00:00:00",25574,14683
"2023-02-01 00:00:00",25361,14497
"2023-02-02 00:00:00",29656,16832
"2023-02-03 00:00:00",30987,17777
"2023-02-04 00:00:00",35552,22550
"2023-02-05 00:00:00",35002,23340
"2023-02-06 00:00:00",31533,17899
"2023-02-07 00:00:00",58792,31872
"2023-02-08 00:00:00",49902,26423
"2023-02-09 00:00:00",46958,24741
"2023-02-10 00:00:00",46269,25418
"2023-02-11 00:00:00",48199,30182
"2023-02-12 00:00:00",46327,29525
"2023-02-13 00:00:00",40903,21278
"2023-02-14 00:00:00",37479,19281
"2023-02-15 00:00:00",35046,18081
"2023-02-16 00:00:00",34539,17755
"2023-02-17 00:00:00",34028,18328
"2023-02-18 00:00:00",38110,23271
"2023-02-19 00:00:00",36890,23586
"2023-02-20 00:00:00",32041,17504
"2023-02-21 00:00:00",30443,16190
"2023-02-22 00:00:00",29968,15933
"2023-02-23 00:00:00",29824,16802
"2023-02-24 00:00:00",28107,15608
"2023-02-25 00:00:00",31542,19450
"2023-02-26 00:00:00",30660,19641
"2023-02-27 00:00:00",26700,14186
"2023-02-28 00:00:00",25494,13524
"2023-03-01 00:00:00",24177,12668
"2023-03-02 00:00:00",24301,12632
"2023-03-03 00:00:00",24682,13196
"2023-03-04 00:00:00",29850,18066
"2023-03-05 00:00:00",30760,19630
"2023-03-06 00:00:00",28145,14773
"2023-03-07 00:00:00",28668,14638
"2023-03-08 00:00:00",28964,14861
"2023-03-09 00:00:00",30170,15342
"2023-03-10 00:00:00",32176,16953
"2023-03-11 00:00:00",36355,22422
"2023-03-12 00:00:00",37822,23876
"2023-03-13 00:00:00",35487,17875
"2023-03-14 00:00:00",35125,17413
"2023-03-15 00:00:00",35210,17587
"2023-03-16 00:00:00",35202,17624
"2023-03-17 00:00:00",36069,18728
"2023-03-18 00:00:00",39831,23953
"2023-03-19 00:00:00",39795,24427
"2023-03-20 00:00:00",37662,18823
"2023-03-21 00:00:00",36795,19269
"2023-03-22 00:00:00",36206,18048
"2023-03-23 00:00:00",37244,18403
"2023-03-24 00:00:00",36362,18665
"2023-03-25 00:00:00",38506,22574
"2023-03-26 00:00:00",36977,22275
"2023-03-27 00:00:00",33502,16145
"2023-03-28 00:00:00",32562,15698
"2023-03-29 00:00:00",31232,15217
"2023-03-30 00:00:00",31749,15324
"2023-03-31 00:00:00",31135,15901
"2023-04-01 00:00:00",32463,19408
"2023-04-02 00:00:00",32397,19299
"2023-04-03 00:00:00",29481,14491
"2023-04-04 00:00:00",29637,14827
"2023-04-05 00:00:00",29321,15915
"2023-04-06 00:00:00",27901,13616
"2023-04-07 00:00:00",29213,14958
"2023-04-08 00:00:00",30409,17818
"2023-04-09 00:00:00",28418,17185
"2023-04-10 00:00:00",27015,12856
"2023-04-11 00:00:00",25218,11863
"2023-04-12 00:00:00",24021,11337
"2023-04-13 00:00:00",24856,11761
"2023-04-14 00:00:00",25522,12530
"2023-04-15 00:00:00",27513,16154
"2023-04-16 00:00:00",26370,15814
"2023-04-17 00:00:00",23340,11152
"2023-04-18 00:00:00",23835,11312
"2023-04-19 00:00:00",26746,12481
"2023-04-20 00:00:00",66689,32546
"2023-04-21 00:00:00",64390,32177
"2023-04-22 00:00:00",67716,40047
"2023-04-23 00:00:00",66829,37729
"2023-04-24 00:00:00",60821,28627
"2023-04-25 00:00:00",60210,27980
"2023-04-26 00:00:00",50208,23687
"2023-04-27 00:00:00",48789,22575
"2023-04-28 00:00:00",47224,23713
"2023-04-29 00:00:00",49054,29925
"2023-04-30 00:00:00",46819,29460
"2023-05-01 00:00:00",45303,25351
"2023-05-02 00:00:00",41955,23068
"2023-05-03 00:00:00",40817,23113
"2023-05-04 00:00:00",43476,22829
"2023-05-05 00:00:00",43022,23576
"2023-05-06 00:00:00",46011,26231
"2023-05-07 00:00:00",44462,27159
"2023-05-08 00:00:00",39932,18525
"2023-05-09 00:00:00",37966,17521
"2023-05-10 00:00:00",35455,16512
"2023-05-11 00:00:00",34477,16328
"2023-05-12 00:00:00",33736,16739
"2023-05-13 00:00:00",36365,21417
"2023-05-14 00:00:00",33513,20381
"2023-05-15 00:00:00",29356,14079
"2023-05-16 00:00:00",28793,13572
"2023-05-17 00:00:00",27386,13211
"2023-05-18 00:00:00",27408,13247
"2023-05-19 00:00:00",27218,13902
"2023-05-20 00:00:00",28913,17525
"2023-05-21 00:00:00",27417,17060
"2023-05-22 00:00:00",24423,11937
"2023-05-23 00:00:00",23790,11538
"2023-05-24 00:00:00",22653,10900
"2023-05-25 00:00:00",23015,11180
"2023-05-26 00:00:00",23835,11911
"2023-05-27 00:00:00",25318,15109
"2023-05-28 00:00:00",24098,14976
"2023-05-29 00:00:00",22645,11573
"2023-05-30 00:00:00",21163,10369
"2023-05-31 00:00:00",20130,9904
"2023-06-01 00:00:00",19831,9820
"2023-06-02 00:00:00",20608,10471
"2023-06-03 00:00:00",22178,13083
"2023-06-04 00:00:00",20650,12707
"2023-06-05 00:00:00",18445,9150
"2023-06-06 00:00:00",17881,8956
"2023-06-07 00:00:00",18551,9162
"2023-06-08 00:00:00",39873,19800
"2023-06-09 00:00:00",35108,17418
"2023-06-10 00:00:00",35934,20995
"2023-06-11 00:00:00",33745,20570
"2023-06-12 00:00:00",30058,14801
"2023-06-13 00:00:00",28577,13873
"2023-06-14 00:00:00",26876,13374
"2023-06-15 00:00:00",26436,13269
"2023-06-16 00:00:00",26805,13711
"2023-06-17 00:00:00",28664,17093
"2023-06-18 00:00:00",27336,16912
"2023-06-19 00:00:00",24395,12617
"2023-06-20 00:00:00",23848,12191
"2023-06-21 00:00:00",23029,12079
"2023-06-22 00:00:00",22752,12766
"2023-06-23 00:00:00",22372,12681
"2023-06-24 00:00:00",23360,14234
"2023-06-25 00:00:00",22350,13519
"2023-06-26 00:00:00",19663,10162
"2023-06-27 00:00:00",19099,9742
"2023-06-28 00:00:00",17997,9288
"2023-06-29 00:00:00",17410,9065
"2023-06-30 00:00:00",19057,10035
"2023-07-01 00:00:00",22070,13313
"2023-07-02 00:00:00",22054,13796
"2023-07-03 00:00:00",20472,10920
"2023-07-04 00:00:00",20663,11285
"2023-07-05 00:00:00",20175,10719
"2023-07-06 00:00:00",20424,10837
"2023-07-07 00:00:00",20636,11371
"2023-07-08 00:00:00",23115,14310
"2023-07-09 00:00:00",22656,14585
"2023-07-10 00:00:00",20758,11167
"2023-07-11 00:00:00",20756,10998
"2023-07-12 00:00:00",20463,10900
"2023-07-13 00:00:00",20508,11000
"2023-07-14 00:00:00",20332,11075
"2023-07-15 00:00:00",21745,13459
"2023-07-16 00:00:00",21692,13727
"2023-07-17 00:00:00",19228,11066
"2023-07-18 00:00:00",18484,9839
"2023-07-19 00:00:00",17279,9267
"2023-07-20 00:00:00",17376,9062
"2023-07-21 00:00:00",16652,8968
"2023-07-22 00:00:00",17827,10945
"2023-07-23 00:00:00",17306,10942
"2023-07-24 00:00:00",15378,8254
"2023-07-25 00:00:00",15485,8182
"2023-07-26 00:00:00",15306,8169
"2023-07-27 00:00:00",16050,8543
"2023-07-28 00:00:00",16393,8942
"2023-07-29 00:00:00",17436,10903
"2023-07-30 00:00:00",17589,11320
"2023-07-31 00:00:00",16143,8877
"2023-08-01 00:00:00",16173,8742
"2023-08-02 00:00:00",15778,8631
"2023-08-03 00:00:00",15633,8497
"2023-08-04 00:00:00",15289,8479
"2023-08-05 00:00:00",16370,10161
"2023-08-06 00:00:00",16758,10523
"2023-08-07 00:00:00",15436,8261
"2023-08-08 00:00:00",14754,7933
"2023-08-09 00:00:00",14097,7565
"2023-08-10 00:00:00",13714,7460
"2023-08-11 00:00:00",13442,7687
"2023-08-12 00:00:00",13902,8713
"2023-08-13 00:00:00",14140,9007
"2023-08-14 00:00:00",13593,7566
"2023-08-15 00:00:00",13320,7570
"2023-08-16 00:00:00",12065,6702
"2023-08-17 00:00:00",11764,6363
"2023-08-18 00:00:00",11828,6416
"2023-08-19 00:00:00",12728,7687
"2023-08-20 00:00:00",12539,7874
"2023-08-21 00:00:00",11413,6014
"2023-08-22 00:00:00",11242,5750
"2023-08-23 00:00:00",11157,5746
"2023-08-24 00:00:00",10994,5727
"2023-08-25 00:00:00",10981,5782
"2023-08-26 00:00:00",11850,7094
"2023-08-27 00:00:00",11849,7275
"2023-08-28 00:00:00",10741,5525
"2023-08-29 00:00:00",10641,5423
"2023-08-30 00:00:00",10159,5274
"2023-08-31 00:00:00",10001,5141
"2023-09-01 00:00:00",10364,5418
"2023-09-02 00:00:00",11523,6789
"2023-09-03 00:00:00",11376,7001
"2023-09-04 00:00:00",10412,5404
"2023-09-05 00:00:00",10014,5022
"2023-09-06 00:00:00",9905,4834
"2023-09-07 00:00:00",9790,4814
"2023-09-08 00:00:00",10426,5289
"2023-09-09 00:00:00",11468,6678
"2023-09-10 00:00:00",10994,6786
"2023-09-11 00:00:00",9785,4893
"2023-09-12 00:00:00",11179,5443
"2023-09-13 00:00:00",12214,6077
"2023-09-14 00:00:00",12994,6550
"2023-09-15 00:00:00",14525,7505
"2023-09-16 00:00:00",17102,10207
"2023-09-17 00:00:00",18447,11242
"2023-09-18 00:00:00",17334,9155
"2023-09-19 00:00:00",17120,8598
"2023-09-20 00:00:00",16996,8611
"2023-09-21 00:00:00",17431,8764
"2023-09-22 00:00:00",18872,9902
"2023-09-23 00:00:00",21986,13317
"2023-09-24 00:00:00",22582,14093
"2023-09-25 00:00:00",21899,10989
"2023-09-26 00:00:00",21217,10691
"2023-09-27 00:00:00",19897,10208
"2023-09-28 00:00:00",18478,10048
"2023-09-29 00:00:00",18080,10762
"2023-09-30 00:00:00",20218,12880
"2023-10-01 00:00:00",20213,13107
"2023-10-02 00:00:00",18583,10785
"2023-10-03 00:00:00",18207,10405
"2023-10-04 00:00:00",18015,9926
"2023-10-05 00:00:00",17937,9917
"2023-10-06 00:00:00",18545,10186
"2023-10-07 00:00:00",20707,11750
"2023-10-08 00:00:00",21327,12415
"2023-10-09 00:00:00",18996,10677
"2023-10-10 00:00:00",18276,9128
"2023-10-11 00:00:00",17319,8489
"2023-10-12 00:00:00",17287,8531
"2023-10-13 00:00:00",17724,9174
"2023-10-14 00:00:00",20075,11787
"2023-10-15 00:00:00",19070,11662
"2023-10-16 00:00:00",16643,8264
"2023-10-17 00:00:00",16467,8119
"2023-10-18 00:00:00",16059,7913
"2023-10-19 00:00:00",15762,7782
"2023-10-20 00:00:00",16137,8247
"2023-10-21 00:00:00",17844,10683
"2023-10-22 00:00:00",17410,10641
"2023-10-23 00:00:00",15232,7676
"2023-10-24 00:00:00",15273,7434
"2023-10-25 00:00:00",14722,7332
"2023-10-26 00:00:00",15444,7607
"2023-10-27 00:00:00",16724,8588
"2023-10-28 00:00:00",19457,11511
"2023-10-29 00:00:00",19714,12055
"2023-10-30 00:00:00",18242,9105
"2023-10-31 00:00:00",18378,8985
"2023-11-01 00:00:00",18687,9136
"2023-11-02 00:00:00",18720,9410
"2023-11-03 00:00:00",19089,10450
"2023-11-04 00:00:00",21414,12885
"2023-11-05 00:00:00",21469,13381
"2023-11-06 00:00:00",19729,9878
"2023-11-07 00:00:00",19819,9814
"2023-11-08 00:00:00",18450,9190
"2023-11-09 00:00:00",18359,9000
"2023-11-10 00:00:00",18767,9679
"2023-11-11 00:00:00",20522,12117
"2023-11-12 00:00:00",19818,12117
"2023-11-13 00:00:00",17467,8776
"2023-11-14 00:00:00",17322,8517
"2023-11-15 00:00:00",16399,8034
"2023-11-16 00:00:00",15909,7818
"2023-11-17 00:00:00",16353,8298
"2023-11-18 00:00:00",18145,10642
"2023-11-19 00:00:00",17214,10427
"2023-11-20 00:00:00",15159,7587
"2023-11-21 00:00:00",15049,7378
"2023-11-22 00:00:00",16422,8082
"2023-11-23 00:00:00",17514,9138
"2023-11-24 00:00:00",18351,9528
"2023-11-25 00:00:00",20915,12502
"2023-11-26 00:00:00",21206,12960
"2023-11-27 00:00:00",19460,9608
"2023-11-28 00:00:00",20165,9647
"2023-11-29 00:00:00",20136,9695
"2023-11-30 00:00:00",19934,9447
"2023-12-01 00:00:00",19961,9899
"2023-12-02 00:00:00",21983,12679
"2023-12-03 00:00:00",21143,12595
"2023-12-04 00:00:00",19305,9126
"2023-12-05 00:00:00",19083,8862
"2023-12-06 00:00:00",18365,8623
"2023-12-07 00:00:00",17455,8254
"2023-12-08 00:00:00",19990,9721
"2023-12-09 00:00:00",23453,13687
"2023-12-10 00:00:00",24511,14826
"2023-12-11 00:00:00",23127,11357
"2023-12-12 00:00:00",23662,11502
"2023-12-13 00:00:00",23990,11517
"2023-12-14 00:00:00",23731,11399
"2023-12-15 00:00:00",24071,12272
"2023-12-16 00:00:00",27077,15707
"2023-12-17 00:00:00",27307,16288
"2023-12-18 00:00:00",25401,12452
"2023-12-19 00:00:00",25538,12569
"2023-12-20 00:00:00",25156,12426
"2023-12-21 00:00:00",24855,12340
"2023-12-22 00:00:00",25276,13069
"2023-12-23 00:00:00",27171,16052
"2023-12-24 00:00:00",25943,15446
"2023-12-25 00:00:00",25676,13172
"2023-12-26 00:00:00",26657,13727
"2023-12-27 00:00:00",25968,13528
"2023-12-28 00:00:00",26587,13961
"2023-12-29 00:00:00",26972,15106
"2023-12-30 00:00:00",27517,17250
"2023-12-31 00:00:00",25317,16854
"2024-01-01 00:00:00",27266,17038
"2024-01-02 00:00:00",28161,15619
"2024-01-03 00:00:00",28290,15458
"2024-01-04 00:00:00",27962,15240
"2024-01-05 00:00:00",29098,15855
"2024-01-06 00:00:00",30959,19149
"2024-01-07 00:00:00",30114,19346
"2024-01-08 00:00:00",26402,14966
"2024-01-09 00:00:00",26213,13936
"2024-01-10 00:00:00",24774,13244
"2024-01-11 00:00:00",23859,12835
"2024-01-12 00:00:00",24926,13638
"2024-01-13 00:00:00",27485,17345
"2024-01-14 00:00:00",26761,17587
"2024-01-15 00:00:00",24076,13707
"2024-01-16 00:00:00",23465,13088
"2024-01-17 00:00:00",22836,12445
"2024-01-18 00:00:00",22325,12214
"2024-01-19 00:00:00",22019,12363
"2024-01-20 00:00:00",22781,14423
"2024-01-21 00:00:00",21200,13824
"2024-01-22 00:00:00",16703,9213
"2024-01-23 00:00:00",16615,9139
"2024-01-24 00:00:00",15909,8756
"2024-01-25 00:00:00",15718,8641
"2024-01-26 00:00:00",15994,9107
"2024-01-27 00:00:00",18515,11483
"2024-01-28 00:00:00",18639,11869
"2024-01-29 00:00:00",16590,9252
"2024-01-30 00:00:00",16972,9213
"2024-01-31 00:00:00",16140,8870
"2024-02-01 00:00:00",15081,8382
"2024-02-02 00:00:00",15274,8595
"2024-02-03 00:00:00",16995,10503
"2024-02-04 00:00:00",16786,10455
"2024-02-05 00:00:00",14946,8418
"2024-02-06 00:00:00",14088,8046
"2024-02-07 00:00:00",13614,7819
"2024-02-08 00:00:00",13147,7656
"2024-02-09 00:00:00",12214,7557
"2024-02-10 00:00:00",13926,8777
"2024-02-11 00:00:00",14197,9028
"2024-02-12 00:00:00",12588,8066
"2024-02-13 00:00:00",12617,7537
"2024-02-14 00:00:00",12090,7145
"2024-02-15 00:00:00",12367,7091
"2024-02-16 00:00:00",12697,7510
"2024-02-17 00:00:00",13924,8644
"2024-02-18 00:00:00",13997,8588
"2024-02-19 00:00:00",12532,6958
"2024-02-20 00:00:00",12537,6699
"2024-02-21 00:00:00",12236,6548
"2024-02-22 00:00:00",11933,6392
"2024-02-23 00:00:00",12128,6768
"2024-02-24 00:00:00",12997,7751
"2024-02-25 00:00:00",12572,7658
"2024-02-26 00:00:00",11431,5709
"2024-02-27 00:00:00",11153,5591
"2024-02-28 00:00:00",11219,5534
"2024-02-29 00:00:00",10780,5338
"2024-03-01 00:00:00",14172,6974
"2024-03-02 00:00:00",18698,10520
"2024-03-03 00:00:00",20846,11800
"2024-03-04 00:00:00",20500,9339
"2024-03-05 00:00:00",21613,9804
"2024-03-06 00:00:00",21689,9928
"2024-03-07 00:00:00",22102,10021
"2024-03-08 00:00:00",23710,11311
"2024-03-09 00:00:00",26619,14782
"2024-03-10 00:00:00",27370,15576
"2024-03-11 00:00:00",25998,11883
"2024-03-12 00:00:00",26794,11987
"2024-03-13 00:00:00",26640,12032
"2024-03-14 00:00:00",25987,11842
"2024-03-15 00:00:00",26792,12841
"2024-03-16 00:00:00",28880,16146
"2024-03-17 00:00:00",29186,16555
"2024-03-18 00:00:00",27763,12377
"2024-03-19 00:00:00",27833,12518
"2024-03-20 00:00:00",27092,12851
"2024-03-21 00:00:00",26088,11780
"2024-03-22 00:00:00",25827,12159
"2024-03-23 00:00:00",27158,15237
"2024-03-24 00:00:00",26432,14894
"2024-03-25 00:00:00",24421,11032
"2024-03-26 00:00:00",23994,10691
"2024-03-27 00:00:00",21629,9835
"2024-03-28 00:00:00",21438,9738
"2024-03-29 00:00:00",21808,10592
"2024-03-30 00:00:00",22323,12470
"2024-03-31 00:00:00",21659,12324
"2024-04-01 00:00:00",20824,9274
"2024-04-02 00:00:00",19539,8795
"2024-04-03 00:00:00",19448,9084
"2024-04-04 00:00:00",19368,10196
"2024-04-05 00:00:00",19151,10206
"2024-04-06 00:00:00",20584,11301
"2024-04-07 00:00:00",20606,10466
"2024-04-08 00:00:00",18837,8341
"2024-04-09 00:00:00",18536,8146
"2024-04-10 00:00:00",17818,8006
"2024-04-11 00:00:00",16658,7510
"2024-04-12 00:00:00",17026,8035
"2024-04-13 00:00:00",18515,10338
"2024-04-14 00:00:00",17552,10084
"2024-04-15 00:00:00",16025,7148
"2024-04-16 00:00:00",19372,8186
"2024-04-17 00:00:00",21370,9223
"2024-04-18 00:00:00",22760,9839
"2024-04-19 00:00:00",24303,11231
"2024-04-20 00:00:00",27813,15152
"2024-04-21 00:00:00",28895,15889
"2024-04-22 00:00:00",27663,11873
"2024-04-23 00:00:00",28271,12097
"2024-04-24 00:00:00",27263,11709
"2024-04-25 00:00:00",26705,11703
"2024-04-26 00:00:00",27445,12679
"2024-04-27 00:00:00",29674,16322
"2024-04-28 00:00:00",30795,16014
"2024-04-29 00:00:00",29061,14175
"2024-04-30 00:00:00",28072,13703
"2024-05-01 00:00:00",27030,14761
"2024-05-02 00:00:00",25224,13360
"2024-05-03 00:00:00",25104,13791
"2024-05-04 00:00:00",26564,14987
"2024-05-05 00:00:00",26921,14819
"2024-05-06 00:00:00",24562,11776
"2024-05-07 00:00:00",23680,10226
"2024-05-08 00:00:00",21722,9436
"2024-05-09 00:00:00",21661,9373
"2024-05-10 00:00:00",21622,9725
"2024-05-11 00:00:00",23327,11906
"2024-05-12 00:00:00",21864,12214
"2024-05-13 00:00:00",19987,8675
"2024-05-14 00:00:00",19608,8429
"2024-05-15 00:00:00",18695,8251
"2024-05-16 00:00:00",17847,7880
"2024-05-17 00:00:00",18743,8604
"2024-05-18 00:00:00",20030,11028
"2024-05-19 00:00:00",19386,11118
"2024-05-20 00:00:00",17816,8035
"2024-05-21 00:00:00",17328,7693
"2024-05-22 00:00:00",16073,7431
"2024-05-23 00:00:00",14800,6748
"2024-05-24 00:00:00",15368,7229
"2024-05-25 00:00:00",16444,9287
"2024-05-26 00:00:00",16153,9210
"2024-05-27 00:00:00",14680,6951
"2024-05-28 00:00:00",14313,6656
"2024-05-29 00:00:00",13796,6436
"2024-05-30 00:00:00",15490,7067
"2024-05-31 00:00:00",18895,9053
"2024-06-01 00:00:00",22814,12783
"2024-06-02 00:00:00",23858,14013
"2024-06-03 00:00:00",22379,10628
"2024-06-04 00:00:00",23258,10862
"2024-06-05 00:00:00",23025,10913
"2024-06-06 00:00:00",23105,11155
"2024-06-07 00:00:00",24072,12000
"2024-06-08 00:00:00",26836,15706
"2024-06-09 00:00:00",27762,16820
"2024-06-10 00:00:00",25516,14007
"2024-06-11 00:00:00",26064,12543
"2024-06-12 00:00:00",25473,12467
"2024-06-13 00:00:00",24326,11939
"2024-06-14 00:00:00",24501,12275
"2024-06-15 00:00:00",26391,15161
"2024-06-16 00:00:00",25221,15021
"2024-06-17 00:00:00",22882,11142
"2024-06-18 00:00:00",22585,10838
"2024-06-19 00:00:00",20575,9873
"2024-06-20 00:00:00",19740,9428
"2024-06-21 00:00:00",18879,9291
"2024-06-22 00:00:00",20363,11564
"2024-06-23 00:00:00",18905,11465
"2024-06-24 00:00:00",17247,8311
"2024-06-25 00:00:00",16416,7967
"2024-06-26 00:00:00",16193,7770
"2024-06-27 00:00:00",15378,7546
"2024-06-28 00:00:00",16395,8275
"2024-06-29 00:00:00",18674,10607
"2024-06-30 00:00:00",18640,11125
"2024-07-01 00:00:00",16933,8513
"2024-07-02 00:00:00",17257,8488
"2024-07-03 00:00:00",17028,8430
"2024-07-04 00:00:00",15422,7804
"2024-07-05 00:00:00",16102,8177
"2024-07-06 00:00:00",17530,10224
"2024-07-07 00:00:00",17415,10608
"2024-07-08 00:00:00",16026,8138
"2024-07-09 00:00:00",15813,7944
"2024-07-10 00:00:00",15700,7892
"2024-07-11 00:00:00",15674,7866
"2024-07-12 00:00:00",15898,8204
"2024-07-13 00:00:00",17028,9957
"2024-07-14 00:00:00",17217,10299
"2024-07-15 00:00:00",15257,8131
"2024-07-16 00:00:00",14806,7407
"2024-07-17 00:00:00",14053,7030
"2024-07-18 00:00:00",13439,6675
"2024-07-19 00:00:00",13527,6903
"2024-07-20 00:00:00",14577,8489
"2024-07-21 00:00:00",14236,8707
"2024-07-22 00:00:00",13042,6615
"2024-07-23 00:00:00",13314,6608
"2024-07-24 00:00:00",13342,6806
"2024-07-25 00:00:00",12704,6618
"2024-07-26 00:00:00",12810,6586
"2024-07-27 00:00:00",13738,7962
"2024-07-28 00:00:00",13378,8100
"2024-07-29 00:00:00",12342,6314
"2024-07-30 00:00:00",12406,6225
"2024-07-31 00:00:00",11647,5972
"2024-08-01 00:00:00",10962,5738
"2024-08-02 00:00:00",11610,5980
"2024-08-03 00:00:00",12308,7300
"2024-08-04 00:00:00",12214,7530
"2024-08-05 00:00:00",11299,5937
"2024-08-06 00:00:00",11478,5976
"2024-08-07 00:00:00",11333,5910
"2024-08-08 00:00:00",11445,6035
"2024-08-09 00:00:00",11911,6495
"2024-08-10 00:00:00",13210,7940
"2024-08-11 00:00:00",13623,8509
"2024-08-12 00:00:00",13070,7312
"2024-08-13 00:00:00",14430,7919
"2024-08-14 00:00:00",15103,8390
"2024-08-15 00:00:00",15990,8985
"2024-08-16 00:00:00",16690,9524
"2024-08-17 00:00:00",18825,11583
"2024-08-18 00:00:00",19933,12616
"2024-08-19 00:00:00",18256,10103
"2024-08-20 00:00:00",15791,9140
"2024-08-21 00:00:00",16318,9603
"2024-08-22 00:00:00",17347,10210
"2024-08-23 00:00:00",18571,11595
"2024-08-24 00:00:00",21418,13645
"2024-08-25 00:00:00",22479,15003
"2024-08-26 00:00:00",20279,11635
"2024-08-27 00:00:00",19632,10951
"2024-08-28 00:00:00",18066,10183
"2024-08-29 00:00:00",17645,9937
"2024-08-30 00:00:00",17923,10314
"2024-08-31 00:00:00",19529,12349
"2024-09-01 00:00:00",18851,12368
"2024-09-02 00:00:00",17216,9789
"2024-09-03 00:00:00",16641,8919
"2024-09-04 00:00:00",16069,8595
"2024-09-05 00:00:00",16086,8445
"2024-09-06 00:00:00",16315,8809
"2024-09-07 00:00:00",17839,11010
"2024-09-08 00:00:00",17887,11290
"2024-09-09 00:00:00",15341,8040
"2024-09-10 00:00:00",14475,7473
"2024-09-11 00:00:00",14365,7365
"2024-09-12 00:00:00",13885,7184
"2024-09-13 00:00:00",14072,7506
"2024-09-14 00:00:00",15764,9188
"2024-09-15 00:00:00",16313,10182
"2024-09-16 00:00:00",14375,8958
"2024-09-17 00:00:00",13700,7937
"2024-09-18 00:00:00",13589,6994
"2024-09-19 00:00:00",13521,6758
"2024-09-20 00:00:00",14190,7305
"2024-09-21 00:00:00",15849,9346
"2024-09-22 00:00:00",16033,9713
"2024-09-23 00:00:00",13792,7235
"2024-09-24 00:00:00",13286,6467
"2024-09-25 00:00:00",14322,6956
"2024-09-26 00:00:00",14811,7384
"2024-09-27 00:00:00",16289,8323
"2024-09-28 00:00:00",19004,11268
"2024-09-29 00:00:00",19356,11421
"2024-09-30 00:00:00",17047,9240
"2024-10-01 00:00:00",17708,10089
"2024-10-02 00:00:00",18314,10149
"2024-10-03 00:00:00",18117,10361
"2024-10-04 00:00:00",18812,10474
"2024-10-05 00:00:00",21308,12833
"2024-10-06 00:00:00",21301,13198
"2024-10-07 00:00:00",19336,10281
"2024-10-08 00:00:00",19690,9483
"2024-10-09 00:00:00",18832,9229
"2024-10-10 00:00:00",17817,8769
"2024-10-11 00:00:00",18261,8922
"2024-10-12 00:00:00",19788,10884
"2024-10-13 00:00:00",19375,11714
"2024-10-14 00:00:00",17092,8991
"2024-10-15 00:00:00",16501,7809
"2024-10-16 00:00:00",15864,7502
"2024-10-17 00:00:00",15476,7276
"2024-10-18 00:00:00",15888,7903
"2024-10-19 00:00:00",17646,10288
"2024-10-20 00:00:00",16932,10128
"2024-10-21 00:00:00",15153,7180
"2024-10-22 00:00:00",15051,7101
"2024-10-23 00:00:00",14128,6856
"2024-10-24 00:00:00",14610,6856
"2024-10-25 00:00:00",14951,7329
"2024-10-26 00:00:00",15783,9236
"2024-10-27 00:00:00",15370,9331
"2024-10-28 00:00:00",13735,6648
"2024-10-29 00:00:00",14190,6588
"2024-10-30 00:00:00",14402,6853
"2024-10-31 00:00:00",14528,6901
"2024-11-01 00:00:00",12088,5823
"2024-11-02 00:00:00",15962,9194
"2024-11-03 00:00:00",17569,10274
"2024-11-04 00:00:00",18586,9457
"2024-11-05 00:00:00",18864,9140
"2024-11-06 00:00:00",17907,8752
"2024-11-07 00:00:00",17277,8517
"2024-11-08 00:00:00",20196,10086
"2024-11-09 00:00:00",23884,13957
"2024-11-10 00:00:00",24963,14806
"2024-11-11 00:00:00",23098,11265
"2024-11-12 00:00:00",22929,10929
"2024-11-13 00:00:00",23111,10796
"2024-11-14 00:00:00",22582,10662
"2024-11-15 00:00:00",23498,11731
"2024-11-16 00:00:00",26125,14953
"2024-11-17 00:00:00",26026,15401
"2024-11-18 00:00:00",23586,11167
"2024-11-19 00:00:00",23478,10934
"2024-11-20 00:00:00",22937,10613
"2024-11-21 00:00:00",21860,10214
"2024-11-22 00:00:00",21852,10670
"2024-11-23 00:00:00",23290,13288
"2024-11-24 00:00:00",22353,13094
"2024-11-25 00:00:00",19710,9197
"2024-11-26 00:00:00",19277,9020
"2024-11-27 00:00:00",18811,8773
"2024-11-28 00:00:00",18603,8702
"2024-11-29 00:00:00",19534,9498
"2024-11-30 00:00:00",20991,12015
"2024-12-01 00:00:00",20737,11971
"2024-12-02 00:00:00",18623,8644
"2024-12-03 00:00:00",18769,8541
"2024-12-04 00:00:00",18573,8490
"2024-12-05 00:00:00",18109,8292
"2024-12-06 00:00:00",18037,8518
"2024-12-07 00:00:00",19158,10637
"2024-12-08 00:00:00",18262,10373
"2024-12-09 00:00:00",16235,7346
"2024-12-10 00:00:00",16098,7137
"2024-12-11 00:00:00",15670,6927
"2024-12-12 00:00:00",14757,6563
"2024-12-13 00:00:00",14722,6720
"2024-12-14 00:00:00",15524,8460
"2024-12-15 00:00:00",14860,8326
"2024-12-16 00:00:00",13347,6061
"2024-12-17 00:00:00",13082,5926
"2024-12-18 00:00:00",12430,5639
"2024-12-19 00:00:00",11765,5420
"2024-12-20 00:00:00",13047,6190
"2024-12-21 00:00:00",14399,8031
"2024-12-22 00:00:00",14580,8312
"2024-12-23 00:00:00",13723,6558
"2024-12-24 00:00:00",13606,6584
"2024-12-25 00:00:00",13475,6748
"2024-12-26 00:00:00",13845,7001
"2024-12-27 00:00:00",14084,7355
"2024-12-28 00:00:00",14793,8632
"2024-12-29 00:00:00",14887,8867
"2024-12-30 00:00:00",14190,7723
"2024-12-31 00:00:00",13312,7797
"2025-01-01 00:00:00",14074,8463
"2025-01-02 00:00:00",13788,7632
"2025-01-03 00:00:00",14607,7995
"2025-01-04 00:00:00",15143,9044
"2025-01-05 00:00:00",14367,8867
"2025-01-06 00:00:00",13003,6829
"2025-01-07 00:00:00",12470,6488
"2025-01-08 00:00:00",12174,6344
"2025-01-09 00:00:00",12003,6191
"2025-01-10 00:00:00",12246,6569
"2025-01-11 00:00:00",13813,8224
"2025-01-12 00:00:00",13544,8465
"2025-01-13 00:00:00",12131,6711
"2025-01-14 00:00:00",11804,6086
"2025-01-15 00:00:00",10924,5822
"2025-01-16 00:00:00",10834,5731
"2025-01-17 00:00:00",11203,6045
"2025-01-18 00:00:00",12376,7585
"2025-01-19 00:00:00",12330,7840
"2025-01-20 00:00:00",11004,6206
"2025-01-21 00:00:00",10864,6050
"2025-01-22 00:00:00",11289,6081
"2025-01-23 00:00:00",11270,6200
"2025-01-24 00:00:00",11642,6450
"2025-01-25 00:00:00",12794,7768
"2025-01-26 00:00:00",12671,7985
"2025-01-27 00:00:00",11254,6586
"2025-01-28 00:00:00",10562,6480
"2025-01-29 00:00:00",11571,6796
"2025-01-30 00:00:00",11583,6865
"2025-01-31 00:00:00",12765,7621
"2025-02-01 00:00:00",14916,9511
"2025-02-02 00:00:00",15601,10311
"2025-02-03 00:00:00",14432,8867
"2025-02-04 00:00:00",15072,8897
"2025-02-05 00:00:00",15227,8524
"2025-02-06 00:00:00",15393,8552
"2025-02-07 00:00:00",13459,7601
"2025-02-08 00:00:00",16522,9923
"2025-02-09 00:00:00",17487,11225
"2025-02-10 00:00:00",18408,10301
"2025-02-11 00:00:00",18804,10832
"2025-02-12 00:00:00",17589,9941
"2025-02-13 00:00:00",17081,9547
"2025-02-14 00:00:00",15004,8686
"2025-02-15 00:00:00",17601,10790
"2025-02-16 00:00:00",17378,11298
"2025-02-17 00:00:00",15597,8832
"2025-02-18 00:00:00",16654,8882
"2025-02-19 00:00:00",15791,8753
"2025-02-20 00:00:00",15315,8564
"2025-02-21 00:00:00",15814,8873
"2025-02-22 00:00:00",18080,11102
"2025-02-23 00:00:00",17954,11591
"2025-02-24 00:00:00",15387,8804
"2025-02-25 00:00:00",15369,8150
"2025-02-26 00:00:00",14362,7611
"2025-02-27 00:00:00",13391,7249
"2025-02-28 00:00:00",10447,5701
"2025-03-01 00:00:00",12505,7171
"2025-03-02 00:00:00",13252,8014
"2025-03-03 00:00:00",12892,6575
"2025-03-04 00:00:00",13339,6734
"2025-03-05 00:00:00",13195,6758
"2025-03-06 00:00:00",13183,6732
"2025-03-07 00:00:00",13586,7225
"2025-03-08 00:00:00",15007,9092
"2025-03-09 00:00:00",15206,9399
"2025-03-10 00:00:00",13898,7188
"2025-03-11 00:00:00",13991,7138
"2025-03-12 00:00:00",13662,7063
"2025-03-13 00:00:00",13684,7086
"2025-03-14 00:00:00",14295,7488
"2025-03-15 00:00:00",15794,9328
"2025-03-16 00:00:00",15598,9716
"2025-03-17 00:00:00",14023,7277
"2025-03-18 00:00:00",14102,7192
"2025-03-19 00:00:00",13476,6911
"2025-03-20 00:00:00",12890,6830
"2025-03-21 00:00:00",13508,7120
"2025-03-22 00:00:00",14900,8960
"2025-03-23 00:00:00",14352,9123
"2025-03-24 00:00:00",13146,6789
"2025-03-25 00:00:00",12738,6559
"2025-03-26 00:00:00",12424,6352
"2025-03-27 00:00:00",11944,6115
"2025-03-28 00:00:00",12403,6483
"2025-03-29 00:00:00",13761,8181
"2025-03-30 00:00:00",13440,8139
"2025-03-31 00:00:00",11933,5924
"2025-04-01 00:00:00",11527,5635
"2025-04-02 00:00:00",10405,5360
"2025-04-03 00:00:00",10508,5367
"2025-04-04 00:00:00",9210,5362
"2025-04-05 00:00:00",10149,6040
"2025-04-06 00:00:00",10204,6076
"2025-04-07 00:00:00",9052,4461
"2025-04-08 00:00:00",9099,4424
"2025-04-09 00:00:00",8671,4263
"2025-04-10 00:00:00",8586,4188
"2025-04-11 00:00:00",9038,4607
"2025-04-12 00:00:00",10312,6004
"2025-04-13 00:00:00",9896,5990
"2025-04-14 00:00:00",8721,4242
"2025-04-15 00:00:00",8768,4166
"2025-04-16 00:00:00",8357,4034
"2025-04-17 00:00:00",8362,4092
"2025-04-18 00:00:00",8956,4585
"2025-04-19 00:00:00",9209,5428
"2025-04-20 00:00:00",8660,5323
"2025-04-21 00:00:00",8261,4119
"2025-04-22 00:00:00",7734,3778
"2025-04-23 00:00:00",7027,3401
"2025-04-24 00:00:00",9115,4335
"2025-04-25 00:00:00",10944,5501
"2025-04-26 00:00:00",12205,7211
"2025-04-27 00:00:00",12812,7025
"2025-04-28 00:00:00",11971,5848
"2025-04-29 00:00:00",11655,5952
"2025-04-30 00:00:00",10950,5704
"2025-05-01 00:00:00",11602,6894
"2025-05-02 00:00:00",11709,6870
"2025-05-03 00:00:00",12579,7579
"2025-05-04 00:00:00",13350,7986
"2025-05-05 00:00:00",12626,7028
"2025-05-06 00:00:00",12878,6338
"2025-05-07 00:00:00",12212,5665
"2025-05-08 00:00:00",12013,5581
"2025-05-09 00:00:00",12507,5996
"2025-05-10 00:00:00",13145,7392
"2025-05-11 00:00:00",12163,7028
"2025-05-12 00:00:00",10895,5078
"2025-05-13 00:00:00",10618,4825
"2025-05-14 00:00:00",10411,4723
"2025-05-15 00:00:00",10059,4553
"2025-05-16 00:00:00",10453,4882
"2025-05-17 00:00:00",11223,6240
"2025-05-18 00:00:00",10769,6117
"2025-05-19 00:00:00",9546,4349
"2025-05-20 00:00:00",9245,4141
"2025-05-21 00:00:00",8671,3983
"2025-05-22 00:00:00",8321,3865
"2025-05-23 00:00:00",8838,4222
"2025-05-24 00:00:00",9846,5373
"2025-05-25 00:00:00",9016,5204
"2025-05-26 00:00:00",8239,3859
"2025-05-27 00:00:00",8146,3705
"2025-05-28 00:00:00",7454,3410
"2025-05-29 00:00:00",7672,3514
"2025-05-30 00:00:00",7631,3670
"2025-05-31 00:00:00",7943,4575
"2025-06-01 00:00:00",7665,4603
"2025-06-02 00:00:00",7004,3627
"2025-06-03 00:00:00",6842,3189
"2025-06-04 00:00:00",6703,3066
"2025-06-05 00:00:00",6707,3092
"2025-06-06 00:00:00",7693,3699
"2025-06-07 00:00:00",9137,5198
"2025-06-08 00:00:00",9523,5641
"2025-06-09 00:00:00",9088,4414
"2025-06-10 00:00:00",8977,4331
"2025-06-11 00:00:00",9077,4362
"2025-06-12 00:00:00",8772,4256
"2025-06-13 00:00:00",9341,4617
"2025-06-14 00:00:00",10210,5867
"2025-06-15 00:00:00",9862,5876
"2025-06-16 00:00:00",8999,4551
"2025-06-17 00:00:00",9097,4455
"2025-06-18 00:00:00",9208,4463
"2025-06-19 00:00:00",9065,4575
"2025-06-20 00:00:00",9144,4698
"2025-06-21 00:00:00",9620,5493
"2025-06-22 00:00:00",9055,5474
"2025-06-23 00:00:00",8350,4088
"2025-06-24 00:00:00",7988,3981
"2025-06-25 00:00:00",7634,3771
"2025-06-26 00:00:00",7415,3644
"2025-06-27 00:00:00",7941,3986
"2025-06-28 00:00:00",8736,5062
"2025-06-29 00:00:00",8921,5330
"2025-06-30 00:00:00",7693,3886
"2025-07-01 00:00:00",7946,3947
"2025-07-02 00:00:00",7911,3851
"2025-07-03 00:00:00",7664,3887
"2025-07-04 00:00:00",8105,4204
"2025-07-05 00:00:00",9126,5209
"2025-07-06 00:00:00",9050,5428
"2025-07-07 00:00:00",8648,4280
"2025-07-08 00:00:00",8480,4274
"2025-07-09 00:00:00",8478,4275
"2025-07-10 00:00:00",8660,4312
"2025-07-11 00:00:00",8602,4414
"2025-07-12 00:00:00",9159,5381
"2025-07-13 00:00:00",9214,5493
"2025-07-14 00:00:00",8582,4333
"2025-07-15 00:00:00",8401,4221
"2025-07-16 00:00:00",8303,4136
"2025-07-17 00:00:00",7877,3913
"2025-07-18 00:00:00",7764,4017
"2025-07-19 00:00:00",8431,4847
"2025-07-20 00:00:00",8550,5058
"2025-07-21 00:00:00",7808,4189
"2025-07-22 00:00:00",7570,3781
"2025-07-23 00:00:00",7019,3555
"2025-07-24 00:00:00",6772,3388
"2025-07-25 00:00:00",6895,3532
"2025-07-26 00:00:00",7472,4232
"2025-07-27 00:00:00",7473,4419
"2025-07-28 00:00:00",6972,3479
"2025-07-29 00:00:00",6793,3392
"2025-07-30 00:00:00",6834,3420
"2025-07-31 00:00:00",6509,3298
"2025-08-01 00:00:00",6738,3448
"2025-08-02 00:00:00",7459,4228
"2025-08-03 00:00:00",7208,4305
"2025-08-04 00:00:00",6880,3369
"2025-08-05 00:00:00",6742,3348
"2025-08-06 00:00:00",6600,3280
"2025-08-07 00:00:00",6424,3204
"2025-08-08 00:00:00",6577,3358
"2025-08-09 00:00:00",7043,4020
"2025-08-10 00:00:00",7208,4239
"2025-08-11 00:00:00",6692,3597
"2025-08-12 00:00:00",7308,3713
"2025-08-13 00:00:00",7196,3818
"2025-08-14 00:00:00",7508,3946
"2025-08-15 00:00:00",8092,4306
"2025-08-16 00:00:00",9004,5163
"2025-08-17 00:00:00",9232,5502
"2025-08-18 00:00:00",8981,4501
"2025-08-19 00:00:00",9192,4597
"2025-08-20 00:00:00",9348,4650
"2025-08-21 00:00:00",9446,4682
"2025-08-22 00:00:00",9564,4936
"2025-08-23 00:00:00",10882,6150
"2025-08-24 00:00:00",11064,6564
"2025-08-25 00:00:00",10266,5042
"2025-08-26 00:00:00",9950,4867
"2025-08-27 00:00:00",9681,4658
"2025-08-28 00:00:00",8807,4296
"2025-08-29 00:00:00",8717,4390
"2025-08-30 00:00:00",9551,5252
"2025-08-31 00:00:00",9160,5229
"2025-09-01 00:00:00",8390,3972
"2025-09-02 00:00:00",8235,3777
"2025-09-03 00:00:00",8013,3688
"2025-09-04 00:00:00",7648,3487
"2025-09-05 00:00:00",7516,3590
"2025-09-06 00:00:00",8382,4509
"2025-09-07 00:00:00",7772,4471
"2025-09-08 00:00:00",7282,3217
"2025-09-09 00:00:00",7222,3151
"2025-09-10 00:00:00",6799,2964
"2025-09-11 00:00:00",6533,2924
"2025-09-12 00:00:00",6495,3024
"2025-09-13 00:00:00",7334,3832
"2025-09-14 00:00:00",7075,4012
"2025-09-15 00:00:00",6463,3088
"2025-09-16 00:00:00",6295,2792
"2025-09-17 00:00:00",5962,2671
"2025-09-18 00:00:00",6044,2648
"2025-09-19 00:00:00",6176,2814
"2025-09-20 00:00:00",6961,3727
"2025-09-21 00:00:00",6627,3708
"2025-09-22 00:00:00",6102,2773
"2025-09-23 00:00:00",6448,3027
"2025-09-24 00:00:00",6596,2999
"2025-09-25 00:00:00",6908,3023
"2025-09-26 00:00:00",7444,3453
"2025-09-27 00:00:00",8581,4610
"2025-09-28 00:00:00",8558,4469
"2025-09-29 00:00:00",7786,3530
"2025-09-30 00:00:00",7627,3635
"2025-10-01 00:00:00",7727,4040
"2025-10-02 00:00:00",7827,4074
"2025-10-03 00:00:00",8242,4338
"2025-10-04 00:00:00",8690,5000
"2025-10-05 00:00:00",9034,5197
"2025-10-06 00:00:00",8557,4495
"2025-10-07 00:00:00",8724,4307
"2025-10-08 00:00:00",8855,4315
"2025-10-09 00:00:00",8620,3821
"2025-10-10 00:00:00",9065,4022
"2025-10-11 00:00:00",9926,4923
"2025-10-12 00:00:00",9745,5346
"2025-10-13 00:00:00",8742,4058
"2025-10-14 00:00:00",8438,3629
"2025-10-15 00:00:00",8223,3516
"2025-10-16 00:00:00",7888,3449
"2025-10-17 00:00:00",8267,3759
"2025-10-18 00:00:00",8991,4801
"2025-10-19 00:00:00",8576,4725
"2025-10-20 00:00:00",7951,3430
"2025-10-21 00:00:00",7597,3262
"2025-10-22 00:00:00",7070,3028
"2025-10-23 00:00:00",6827,2988
"2025-10-24 00:00:00",7158,3255
"2025-10-25 00:00:00",7979,4174
"2025-10-26 00:00:00",7741,4238
"2025-10-27 00:00:00",7090,3073
"2025-10-28 00:00:00",6856,2976
"2025-10-29 00:00:00",6832,2980
"2025-10-30 00:00:00",7213,3137
"2025-10-31 00:00:00",8147,3694
"2025-11-01 00:00:00",9038,4812
"2025-11-02 00:00:00",9245,5127
"2025-11-03 00:00:00",8913,4158
"2025-11-04 00:00:00",9163,4003
"2025-11-05 00:00:00",8761,3901
"2025-11-06 00:00:00",8944,3955
"2025-11-07 00:00:00",9889,4557
"2025-11-08 00:00:00",11245,6126
"2025-11-09 00:00:00",11092,6229
"2025-11-10 00:00:00",10784,4755
"2025-11-11 00:00:00",11290,5020
"2025-11-12 00:00:00",11073,4915
"2025-11-13 00:00:00",10898,4738
"2025-11-14 00:00:00",10546,4978
"2025-11-15 00:00:00",11232,6217
"2025-11-16 00:00:00",10578,6029
"2025-11-17 00:00:00",9791,4399
"2025-11-18 00:00:00",9841,4289
"2025-11-19 00:00:00",9243,4112
"2025-11-20 00:00:00",8955,3935
"2025-11-21 00:00:00",9284,4292
"2025-11-22 00:00:00",10000,5442
"2025-11-23 00:00:00",9884,5531
"2025-11-24 00:00:00",8997,4228
"2025-11-25 00:00:00",8753,3883
"2025-11-26 00:00:00",8402,3813
"2025-11-27 00:00:00",8336,3789
"2025-11-28 00:00:00",8842,4079
"2025-11-29 00:00:00",9205,5109
"2025-11-30 00:00:00",8940,5028
"2025-12-01 00:00:00",7968,3660
"2025-12-02 00:00:00",8013,3618
"2025-12-03 00:00:00",7752,3518
"2025-12-04 00:00:00",7389,3384
"2025-12-05 00:00:00",7744,3661
"2025-12-06 00:00:00",8344,4589
"2025-12-07 00:00:00",8069,4571
"2025-12-08 00:00:00",7534,3441
"2025-12-09 00:00:00",7440,3388
"2025-12-10 00:00:00",7129,3278
"2025-12-11 00:00:00",7223,3267
"2025-12-12 00:00:00",8608,4008
"2025-12-13 00:00:00",11044,5973
"2025-12-14 00:00:00",11988,6573
"2025-12-15 00:00:00",11686,5236
"2025-12-16 00:00:00",11910,5319
"2025-12-17 00:00:00",12812,5690
"2025-12-18 00:00:00",13637,6045
"2025-12-19 00:00:00",14135,6634
"2025-12-20 00:00:00",15095,8202
"2025-12-21 00:00:00",15557,8444
"2025-12-22 00:00:00",15499,6880
"2025-12-23 00:00:00",15587,7068
"2025-12-24 00:00:00",15406,7541
"2025-12-25 00:00:00",15166,7380
"2025-12-26 00:00:00",15843,7729
"2025-12-27 00:00:00",16369,9106
"2025-12-28 00:00:00",16492,9210
"2025-12-29 00:00:00",16302,8052
"2025-12-30 00:00:00",16391,8146
"2025-12-31 00:00:00",14311,8043
"2026-01-01 00:00:00",15701,9037
"2026-01-02 00:00:00",16826,9456
"2026-01-03 00:00:00",17268,9641
"2026-01-04 00:00:00",17068,9092
"2026-01-05 00:00:00",16447,7995
"2026-01-06 00:00:00",16695,7873
"2026-01-07 00:00:00",15823,7595
"2026-01-08 00:00:00",15076,7206
"2026-01-09 00:00:00",16264,7708
"2026-01-10 00:00:00",16720,9255
"2026-01-11 00:00:00",16279,9376
"2026-01-12 00:00:00",14611,7380
"2026-01-13 00:00:00",14144,6741
"2026-01-14 00:00:00",13622,6544
"2026-01-15 00:00:00",13363,6393
"2026-01-16 00:00:00",14021,6880
"2026-01-17 00:00:00",15165,8525
"2026-01-18 00:00:00",14560,8525
"2026-01-19 00:00:00",13347,6635
"2026-01-20 00:00:00",13300,6434
"2026-01-21 00:00:00",12834,6187
"2026-01-22 00:00:00",10904,5314
"2026-01-23 00:00:00",11095,5543
"2026-01-24 00:00:00",11956,6884
"2026-01-25 00:00:00",11702,6949
"2026-01-26 00:00:00",10364,5277
"2026-01-27 00:00:00",10380,5110
"2026-01-28 00:00:00",9934,4873
"2026-01-29 00:00:00",9378,4698
"2026-01-30 00:00:00",9657,4909
"2026-01-31 00:00:00",10551,5979
"2026-02-01 00:00:00",10188,6027
"2026-02-02 00:00:00",9137,4587
"2026-02-03 00:00:00",8910,4443
"2026-02-04 00:00:00",8691,4360
"2026-02-05 00:00:00",8265,4181
"2026-02-06 00:00:00",8283,4264
"2026-02-07 00:00:00",9011,5243
"2026-02-08 00:00:00",8937,5346
"2026-02-09 00:00:00",8067,4092
"2026-02-10 00:00:00",8089,4071
"2026-02-11 00:00:00",7837,4243
"2026-02-12 00:00:00",7641,4000
"2026-02-13 00:00:00",8614,4628
"2026-02-14 00:00:00",10152,6018
"2026-02-15 00:00:00",10776,6746
"2026-02-16 00:00:00",9889,6082
"2026-02-17 00:00:00",10450,6191
"2026-02-18 00:00:00",10063,5804
"2026-02-19 00:00:00",10498,5950
"2026-02-20 00:00:00",11024,6144
"2026-02-21 00:00:00",12172,7425
"2026-02-22 00:00:00",13057,8084
"2026-02-23 00:00:00",12448,7369
"2026-02-24 00:00:00",12367,6721
"2026-02-25 00:00:00",12592,6717
"2026-02-26 00:00:00",12885,6766
"2026-02-27 00:00:00",12631,6754
"2026-02-28 00:00:00",13394,7578
"2026-03-01 00:00:00",13322,7889
"2026-03-02 00:00:00",12235,6120
"2026-03-03 00:00:00",11963,5893
"2026-03-04 00:00:00",11413,5543
"2026-03-05 00:00:00",11208,5402
"2026-03-06 00:00:00",11371,5612
"2026-03-07 00:00:00",12245,6941
"2026-03-08 00:00:00",11747,6916
"2026-03-09 00:00:00",10739,5105
"2026-03-10 00:00:00",10534,4957
"2026-03-11 00:00:00",10142,4820
"2026-03-12 00:00:00",9748,4663
"2026-03-13 00:00:00",10218,4953
"2026-03-14 00:00:00",10825,6191
"2026-03-15 00:00:00",10301,6145
"2026-03-16 00:00:00",9528,4635
"2026-03-17 00:00:00",9446,4573
"2026-03-18 00:00:00",9388,4541
"2026-03-19 00:00:00",9265,4457
"2026-03-20 00:00:00",9501,4908
"2026-03-21 00:00:00",10417,5884
"2026-03-22 00:00:00",10317,6048
"2026-03-23 00:00:00",9685,4620
"2026-03-24 00:00:00",9588,4557
"2026-03-25 00:00:00",9328,4408
"2026-03-26 00:00:00",8482,4115
"2026-03-27 00:00:00",8610,4360
"2026-03-28 00:00:00",9525,5465
"2026-03-29 00:00:00",9220,5500
"2026-03-30 00:00:00",8483,4158
"2026-03-31 00:00:00",8335,4108
"2026-04-01 00:00:00",7997,3993
"2026-04-02 00:00:00",9953,4824
"2026-04-03 00:00:00",11644,6103
"2026-04-04 00:00:00",12536,7608
"2026-04-05 00:00:00",13379,8274
"2026-04-06 00:00:00",13332,7313
"2026-04-07 00:00:00",13167,6409
"2026-04-08 00:00:00",13043,6397
"2026-04-09 00:00:00",13069,6507
"2026-04-10 00:00:00",13963,7104
"2026-04-11 00:00:00",15585,9210
"2026-04-12 00:00:00",15380,9472
"2026-04-13 00:00:00",14216,6956
"2026-04-14 00:00:00",14431,6935
"2026-04-15 00:00:00",14194,6930
"2026-04-16 00:00:00",13656,6679
"2026-04-17 00:00:00",13444,6801
"2026-04-18 00:00:00",14514,8445
"2026-04-19 00:00:00",13646,8382
"2026-04-20 00:00:00",12488,6041
"2026-04-21 00:00:00",12451,5993
"2026-04-22 00:00:00",11725,5633
"2026-04-23 00:00:00",11191,5413
"2026-04-24 00:00:00",11419,5697
"2026-04-25 00:00:00",12483,7226
"2026-04-26 00:00:00",11920,7199
"2026-04-27 00:00:00",10860,5167
"2026-04-28 00:00:00",10715,5105
"2026-04-29 00:00:00",10495,5297
"2026-04-30 00:00:00",9641,5004
"2026-05-01 00:00:00",10435,5981
"2026-05-02 00:00:00",10707,6402
"2026-05-03 00:00:00",10991,6594
"2026-05-04 00:00:00",10462,5886
"2026-05-05 00:00:00",10484,5706
"2026-05-06 00:00:00",10179,5074
"2026-05-07 00:00:00",10338,4710
"2026-05-08 00:00:00",10488,5009
"2026-05-09 00:00:00",11644,6054
"2026-05-10 00:00:00",10833,6303
"2026-05-11 00:00:00",9742,4532
"2026-05-12 00:00:00",9736,4468
"2026-05-13 00:00:00",9423,4433
"2026-05-14 00:00:00",9602,4490
"2026-05-15 00:00:00",9646,4683
"2026-05-16 00:00:00",3381,5894
"2026-05-16 01:00:00",4245,
"2026-05-16 02:00:00",5031,
"2026-05-16 03:00:00",5309,
"2026-05-16 04:00:00",5713,
"2026-05-16 05:00:00",6262,
"2026-05-16 06:00:00",6583,
"2026-05-16 07:00:00",6873,
"2026-05-16 08:00:00",7025,
"2026-05-16 09:00:00",6961,
"2026-05-16 10:00:00",6529,
"2026-05-16 11:00:00",7369,
"2026-05-16 12:00:00",8993,
"2026-05-16 13:00:00",10405,
"2026-05-16 14:00:00",10635,
"2026-05-16 15:00:00",10319,
"2026-05-16 16:00:00",8473,
"2026-05-16 17:00:00",6553,
"2026-05-16 18:00:00",4994,
"2026-05-16 19:00:00",4120,
"2026-05-16 20:00:00",3619,
"2026-05-16 21:00:00",3362,
"2026-05-16 22:00:00",3239,
"2026-05-16 23:00:00",3270,
"2026-05-17 00:00:00",3768,5891
"2026-05-17 01:00:00",4680,
"2026-05-17 02:00:00",5491,
"2026-05-17 03:00:00",5794,
"2026-05-17 04:00:00",6550,
"2026-05-17 05:00:00",7141,
"2026-05-17 06:00:00",7756,
"2026-05-17 07:00:00",7900,
"2026-05-17 08:00:00",7949,
"2026-05-17 09:00:00",7643,
"2026-05-17 10:00:00",6884,
"2026-05-17 11:00:00",7597,
"2026-05-17 12:00:00",9067,
"2026-05-17 13:00:00",9913,
"2026-05-17 14:00:00",9936,
"2026-05-17 15:00:00",9133,
"2026-05-17 16:00:00",6851,
"2026-05-17 17:00:00",5050,
"2026-05-17 18:00:00",4116,
"2026-05-17 19:00:00",3649,
"2026-05-17 20:00:00",3404,
"2026-05-17 21:00:00",3141,
"2026-05-17 22:00:00",2897,
"2026-05-17 23:00:00",2789,
"2026-05-18 00:00:00",2904,4331
"2026-05-18 01:00:00",3314,
"2026-05-18 02:00:00",3696,
"2026-05-18 03:00:00",3709,
"2026-05-18 04:00:00",3898,
"2026-05-18 05:00:00",3924,
"2026-05-18 06:00:00",3720,
"2026-05-18 07:00:00",3861,
"2026-05-18 08:00:00",4141,
"2026-05-18 09:00:00",4369,
"2026-05-18 10:00:00",4854,
"2026-05-18 11:00:00",6129,
"2026-05-18 12:00:00",7943,
"2026-05-18 13:00:00",9176,
"2026-05-18 14:00:00",9240,
"2026-05-18 15:00:00",8407,
"2026-05-18 16:00:00",6125,
"2026-05-18 17:00:00",4305,
"2026-05-18 18:00:00",3470,
"2026-05-18 19:00:00",3051,
"2026-05-18 20:00:00",2814,
"2026-05-18 21:00:00",2476,
"2026-05-18 22:00:00",2451,
"2026-05-18 23:00:00",2503,
"2026-05-19 00:00:00",2867,4285
"2026-05-19 01:00:00",3179,
"2026-05-19 02:00:00",3632,
"2026-05-19 03:00:00",3744,
"2026-05-19 04:00:00",4047,
"2026-05-19 05:00:00",4084,
"2026-05-19 06:00:00",3761,
"2026-05-19 07:00:00",3990,
"2026-05-19 08:00:00",4239,
"2026-05-19 09:00:00",4329,
"2026-05-19 10:00:00",4743,
"2026-05-19 11:00:00",6027,
"2026-05-19 12:00:00",7840,
"2026-05-19 13:00:00",9058,
"2026-05-19 14:00:00",9172,
"2026-05-19 15:00:00",8459,
"2026-05-19 16:00:00",6120,
"2026-05-19 17:00:00",4354,
"2026-05-19 18:00:00",3375,
"2026-05-19 19:00:00",2929,
"2026-05-19 20:00:00",2655,
"2026-05-19 21:00:00",2484,
"2026-05-19 22:00:00",2358,
"2026-05-19 23:00:00",2422,
"2026-05-20 00:00:00",2707,4142
"2026-05-20 01:00:00",3158,
"2026-05-20 02:00:00",3450,
"2026-05-20 03:00:00",3473,
"2026-05-20 04:00:00",3811,
"2026-05-20 05:00:00",3788,
"2026-05-20 06:00:00",3657,
"2026-05-20 07:00:00",3910,
"2026-05-20 08:00:00",4109,
"2026-05-20 09:00:00",4141,
"2026-05-20 10:00:00",4610,
"2026-05-20 11:00:00",5777,
"2026-05-20 12:00:00",7588,
"2026-05-20 13:00:00",8914,
"2026-05-20 14:00:00",8949,
"2026-05-20 15:00:00",8245,
"2026-05-20 16:00:00",6119,
"2026-05-20 17:00:00",4214,
"2026-05-20 18:00:00",3272,
"2026-05-20 19:00:00",2849,
"2026-05-20 20:00:00",2643,
"2026-05-20 21:00:00",2387,
"2026-05-20 22:00:00",2251,
"2026-05-20 23:00:00",2318,
"2026-05-21 00:00:00",2629,4147
"2026-05-21 01:00:00",3062,
"2026-05-21 02:00:00",3486,
"2026-05-21 03:00:00",3525,
"2026-05-21 04:00:00",3733,
"2026-05-21 05:00:00",3721,
"2026-05-21 06:00:00",3552,
"2026-05-21 07:00:00",3777,
"2026-05-21 08:00:00",4053,
"2026-05-21 09:00:00",4244,
"2026-05-21 10:00:00",4596,
"2026-05-21 11:00:00",5744,
"2026-05-21 12:00:00",7465,
"2026-05-21 13:00:00",8865,
"2026-05-21 14:00:00",8976,
"2026-05-21 15:00:00",8350,
"2026-05-21 16:00:00",6141,
"2026-05-21 17:00:00",4266,
"2026-05-21 18:00:00",3354,
"2026-05-21 19:00:00",2858,
"2026-05-21 20:00:00",2623,
"2026-05-21 21:00:00",2479,
"2026-05-21 22:00:00",2275,
"2026-05-21 23:00:00",2427,
"2026-05-22 00:00:00",2723,4564
"2026-05-22 01:00:00",3048,
"2026-05-22 02:00:00",3504,
"2026-05-22 03:00:00",3553,
"2026-05-22 04:00:00",3876,
"2026-05-22 05:00:00",3878,
"2026-05-22 06:00:00",3869,
"2026-05-22 07:00:00",4120,
"2026-05-22 08:00:00",4313,
"2026-05-22 09:00:00",4364,
"2026-05-22 10:00:00",4812,
"2026-05-22 11:00:00",5988,
"2026-05-22 12:00:00",7806,
"2026-05-22 13:00:00",9227,
"2026-05-22 14:00:00",9588,
"2026-05-22 15:00:00",9454,
"2026-05-22 16:00:00",7789,
"2026-05-22 17:00:00",5682,
"2026-05-22 18:00:00",4321,
"2026-05-22 19:00:00",3423,
"2026-05-22 20:00:00",3045,
"2026-05-22 21:00:00",2795,
"2026-05-22 22:00:00",2610,
"2026-05-22 23:00:00",2700,
"2026-05-23 00:00:00",3285,5808
"2026-05-23 01:00:00",3983,
"2026-05-23 02:00:00",4923,
"2026-05-23 03:00:00",5245,
"2026-05-23 04:00:00",5718,
"2026-05-23 05:00:00",6204,
"2026-05-23 06:00:00",6479,
"2026-05-23 07:00:00",6719,
"2026-05-23 08:00:00",6971,
"2026-05-23 09:00:00",6978,
"2026-05-23 10:00:00",6447,
"2026-05-23 11:00:00",7249,
"2026-05-23 12:00:00",8962,
"2026-05-23 13:00:00",10124,
"2026-05-23 14:00:00",10330,
"2026-05-23 15:00:00",10149,
"2026-05-23 16:00:00",8475,
"2026-05-23 17:00:00",6460,
"2026-05-23 18:00:00",5086,
"2026-05-23 19:00:00",4020,
"2026-05-23 20:00:00",3678,
"2026-05-23 21:00:00",3353,
"2026-05-23 22:00:00",3226,
"2026-05-23 23:00:00",3209,
"2026-05-24 00:00:00",3605,5854
"2026-05-24 01:00:00",4513,
"2026-05-24 02:00:00",5550,
"2026-05-24 03:00:00",5933,
"2026-05-24 04:00:00",6397,
"2026-05-24 05:00:00",6966,
"2026-05-24 06:00:00",7499,
"2026-05-24 07:00:00",7922,
"2026-05-24 08:00:00",7911,
"2026-05-24 09:00:00",7604,
"2026-05-24 10:00:00",6938,
"2026-05-24 11:00:00",7474,
"2026-05-24 12:00:00",8947,
"2026-05-24 13:00:00",9973,
"2026-05-24 14:00:00",9982,
"2026-05-24 15:00:00",9133,
"2026-05-24 16:00:00",6902,
"2026-05-24 17:00:00",5027,
"2026-05-24 18:00:00",4107,
"2026-05-24 19:00:00",3627,
"2026-05-24 20:00:00",3445,
"2026-05-24 21:00:00",3202,
"2026-05-24 22:00:00",2952,
"2026-05-24 23:00:00",2809,
"2026-05-25 00:00:00",3054,4551
"2026-05-25 01:00:00",3318,
"2026-05-25 02:00:00",3720,
"2026-05-25 03:00:00",3873,
"2026-05-25 04:00:00",4229,
"2026-05-25 05:00:00",4228,
"2026-05-25 06:00:00",3902,
"2026-05-25 07:00:00",4083,
"2026-05-25 08:00:00",4516,
"2026-05-25 09:00:00",4580,
"2026-05-25 10:00:00",5102,
"2026-05-25 11:00:00",6432,
"2026-05-25 12:00:00",8362,
"2026-05-25 13:00:00",9640,
"2026-05-25 14:00:00",9617,
"2026-05-25 15:00:00",8846,
"2026-05-25 16:00:00",6463,
"2026-05-25 17:00:00",4652,
"2026-05-25 18:00:00",3666,
"2026-05-25 19:00:00",3163,
"2026-05-25 20:00:00",2935,
"2026-05-25 21:00:00",2685,
"2026-05-25 22:00:00",2583,
"2026-05-25 23:00:00",2646,
"2026-05-26 00:00:00",2764,4651
"2026-05-26 01:00:00",3178,
"2026-05-26 02:00:00",3712,
"2026-05-26 03:00:00",3917,
"2026-05-26 04:00:00",4433,
"2026-05-26 05:00:00",4418,
"2026-05-26 06:00:00",4121,
"2026-05-26 07:00:00",4315,
"2026-05-26 08:00:00",4710,
"2026-05-26 09:00:00",4825,
"2026-05-26 10:00:00",5385,
"2026-05-26 11:00:00",6872,
"2026-05-26 12:00:00",8882,
"2026-05-26 13:00:00",10562,
"2026-05-26 14:00:00",10618,
"2026-05-26 15:00:00",9592,
"2026-05-26 16:00:00",6669,
"2026-05-26 17:00:00",4660,
"2026-05-26 18:00:00",3488,
"2026-05-26 19:00:00",2924,
"2026-05-26 20:00:00",2645,
"2026-05-26 21:00:00",2471,
"2026-05-26 22:00:00",2281,
"2026-05-26 23:00:00",2388,
"2026-05-27 00:00:00",2821,4776
"2026-05-27 01:00:00",3366,
"2026-05-27 02:00:00",3942,
"2026-05-27 03:00:00",4034,
"2026-05-27 04:00:00",4588,
"2026-05-27 05:00:00",4579,
"2026-05-27 06:00:00",4350,
"2026-05-27 07:00:00",4658,
"2026-05-27 08:00:00",5132,
"2026-05-27 09:00:00",5196,
"2026-05-27 10:00:00",5630,
"2026-05-27 11:00:00",6821,
"2026-05-27 12:00:00",8864,
"2026-05-27 13:00:00",10566,
"2026-05-27 14:00:00",10668,
"2026-05-27 15:00:00",9744,
"2026-05-27 16:00:00",6856,
"2026-05-27 17:00:00",4638,
"2026-05-27 18:00:00",3481,
"2026-05-27 19:00:00",2912,
"2026-05-27 20:00:00",2716,
"2026-05-27 21:00:00",2480,
"2026-05-27 22:00:00",2284,
"2026-05-27 23:00:00",2388,
"2026-05-28 00:00:00",2709,4689
"2026-05-28 01:00:00",3179,
"2026-05-28 02:00:00",3810,
"2026-05-28 03:00:00",3966,
"2026-05-28 04:00:00",4419,
"2026-05-28 05:00:00",4368,
"2026-05-28 06:00:00",4224,
"2026-05-28 07:00:00",4501,
"2026-05-28 08:00:00",4907,
"2026-05-28 09:00:00",4961,
"2026-05-28 10:00:00",5315,
"2026-05-28 11:00:00",6671,
"2026-05-28 12:00:00",8776,
"2026-05-28 13:00:00",10280,
"2026-05-28 14:00:00",10500,
"2026-05-28 15:00:00",9760,
"2026-05-28 16:00:00",6933,
"2026-05-28 17:00:00",4707,
"2026-05-28 18:00:00",3526,
"2026-05-28 19:00:00",2975,
"2026-05-28 20:00:00",2715,
"2026-05-28 21:00:00",2578,
"2026-05-28 22:00:00",2382,
"2026-05-28 23:00:00",2303,
"2026-05-29 00:00:00",2598,5178
"2026-05-29 01:00:00",3104,
"2026-05-29 02:00:00",3714,
"2026-05-29 03:00:00",3902,
"2026-05-29 04:00:00",4518,
"2026-05-29 05:00:00",4558,
"2026-05-29 06:00:00",4534,
"2026-05-29 07:00:00",4851,
"2026-05-29 08:00:00",5241,
"2026-05-29 09:00:00",5443,
"2026-05-29 10:00:00",5901,
"2026-05-29 11:00:00",7224,
"2026-05-29 12:00:00",9382,
"2026-05-29 13:00:00",11236,
"2026-05-29 14:00:00",11588,
"2026-05-29 15:00:00",11232,
"2026-05-29 16:00:00",8860,
"2026-05-29 17:00:00",6195,
"2026-05-29 18:00:00",4524,
"2026-05-29 19:00:00",3531,
"2026-05-29 20:00:00",2917,
"2026-05-29 21:00:00",2698,
"2026-05-29 22:00:00",2600,
"2026-05-29 23:00:00",2750,
"2026-05-30 00:00:00",3313,6603
"2026-05-30 01:00:00",4220,
"2026-05-30 02:00:00",5272,
"2026-05-30 03:00:00",5782,
"2026-05-30 04:00:00",6432,
"2026-05-30 05:00:00",7181,
"2026-05-30 06:00:00",7816,
"2026-05-30 07:00:00",8271,
"2026-05-30 08:00:00",8392,
"2026-05-30 09:00:00",8332,
"2026-05-30 10:00:00",7680,
"2026-05-30 11:00:00",8502,
"2026-05-30 12:00:00",10496,
"2026-05-30 13:00:00",12144,
"2026-05-30 14:00:00",12489,
"2026-05-30 15:00:00",12238,
"2026-05-30 16:00:00",9938,
"2026-05-30 17:00:00",7251,
"2026-05-30 18:00:00",5424,
"2026-05-30 19:00:00",4279,
"2026-05-30 20:00:00",3660,
"2026-05-30 21:00:00",3283,
"2026-05-30 22:00:00",3007,
"2026-05-30 23:00:00",3192,
"2026-05-31 00:00:00",3661,6700
"2026-05-31 01:00:00",4773,
"2026-05-31 02:00:00",5898,
"2026-05-31 03:00:00",6445,
"2026-05-31 04:00:00",7169,
"2026-05-31 05:00:00",8214,
"2026-05-31 06:00:00",8855,
"2026-05-31 07:00:00",9203,
"2026-05-31 08:00:00",9367,
"2026-05-31 09:00:00",9251,
"2026-05-31 10:00:00",8198,
"2026-05-31 11:00:00",8651,
"2026-05-31 12:00:00",10617,
"2026-05-31 13:00:00",12206,
"2026-05-31 14:00:00",12330,
"2026-05-31 15:00:00",11479,
"2026-05-31 16:00:00",8215,
"2026-05-31 17:00:00",5707,
"2026-05-31 18:00:00",4412,
"2026-05-31 19:00:00",3862,
"2026-05-31 20:00:00",3534,
"2026-05-31 21:00:00",3239,
"2026-05-31 22:00:00",3017,
"2026-05-31 23:00:00",2862,
"2026-06-01 00:00:00",3224,5358
"2026-06-01 01:00:00",3585,
"2026-06-01 02:00:00",4188,
"2026-06-01 03:00:00",4313,
"2026-06-01 04:00:00",4352,
"2026-06-01 05:00:00",4482,
"2026-06-01 06:00:00",4609,
"2026-06-01 07:00:00",5101,
"2026-06-01 08:00:00",5875,
"2026-06-01 09:00:00",6051,
"2026-06-01 10:00:00",6508,
"2026-06-01 11:00:00",7986,
"2026-06-01 12:00:00",10498,
"2026-06-01 13:00:00",12569,
"2026-06-01 14:00:00",12759,
"2026-06-01 15:00:00",11653,
"2026-06-01 16:00:00",7954,
"2026-06-01 17:00:00",5303,
"2026-06-01 18:00:00",3962,
"2026-06-01 19:00:00",3237,
"2026-06-01 20:00:00",2875,
"2026-06-01 21:00:00",2550,
"2026-06-01 22:00:00",2413,
"2026-06-01 23:00:00",2507,
"2026-06-02 00:00:00",2826,5734
"2026-06-02 01:00:00",3397,
"2026-06-02 02:00:00",4177,
"2026-06-02 03:00:00",4309,
"2026-06-02 04:00:00",5442,
"2026-06-02 05:00:00",5509,
"2026-06-02 06:00:00",5185,
"2026-06-02 07:00:00",5652,
"2026-06-02 08:00:00",6447,
"2026-06-02 09:00:00",6673,
"2026-06-02 10:00:00",7026,
"2026-06-02 11:00:00",8913,
"2026-06-02 12:00:00",11582,
"2026-06-02 13:00:00",13798,
"2026-06-02 14:00:00",13914,
"2026-06-02 15:00:00",12796,
"2026-06-02 16:00:00",8674,
"2026-06-02 17:00:00",5538,
"2026-06-02 18:00:00",3982,
"2026-06-02 19:00:00",3257,
"2026-06-02 20:00:00",2756,
"2026-06-02 21:00:00",2417,
"2026-06-02 22:00:00",2223,
"2026-06-02 23:00:00",2509,
"2026-06-03 00:00:00",3007,5899
"2026-06-03 01:00:00",3613,
"2026-06-03 02:00:00",4454,
"2026-06-03 03:00:00",4612,
"2026-06-03 04:00:00",5655,
"2026-06-03 05:00:00",5731,
"2026-06-03 06:00:00",5777,
"2026-06-03 07:00:00",6220,
"2026-06-03 08:00:00",6942,
"2026-06-03 09:00:00",6955,
"2026-06-03 10:00:00",7409,
"2026-06-03 11:00:00",9189,
"2026-06-03 12:00:00",11833,
"2026-06-03 13:00:00",13815,
"2026-06-03 14:00:00",13962,
"2026-06-03 15:00:00",12749,
"2026-06-03 16:00:00",8549,
"2026-06-03 17:00:00",5368,
"2026-06-03 18:00:00",3929,
"2026-06-03 19:00:00",3229,
"2026-06-03 20:00:00",2791,
"2026-06-03 21:00:00",2493,
"2026-06-03 22:00:00",2287,
"2026-06-03 23:00:00",2405,
"2026-06-04 00:00:00",2898,5990
"2026-06-04 01:00:00",3511,
"2026-06-04 02:00:00",4468,
"2026-06-04 03:00:00",4605,
"2026-06-04 04:00:00",5537,
"2026-06-04 05:00:00",5635,
"2026-06-04 06:00:00",5477,
"2026-06-04 07:00:00",5957,
"2026-06-04 08:00:00",6554,
"2026-06-04 09:00:00",6820,
"2026-06-04 10:00:00",7470,
"2026-06-04 11:00:00",9101,
"2026-06-04 12:00:00",11801,
"2026-06-04 13:00:00",14158,
"2026-06-04 14:00:00",14266,
"2026-06-04 15:00:00",13033,
"2026-06-04 16:00:00",9106,
"2026-06-04 17:00:00",5768,
"2026-06-04 18:00:00",4175,
"2026-06-04 19:00:00",3486,
"2026-06-04 20:00:00",3097,
"2026-06-04 21:00:00",2908,
"2026-06-04 22:00:00",2647,
"2026-06-04 23:00:00",2693,
"2026-06-05 00:00:00",3157,7400
"2026-06-05 01:00:00",3954,
"2026-06-05 02:00:00",4973,
"2026-06-05 03:00:00",5197,
"2026-06-05 04:00:00",5929,
"2026-06-05 05:00:00",6076,
"2026-06-05 06:00:00",6365,
"2026-06-05 07:00:00",7042,
"2026-06-05 08:00:00",7827,
"2026-06-05 09:00:00",8128,
"2026-06-05 10:00:00",8841,
"2026-06-05 11:00:00",11007,
"2026-06-05 12:00:00",13953,
"2026-06-05 13:00:00",16419,
"2026-06-05 14:00:00",17127,
"2026-06-05 15:00:00",16659,
"2026-06-05 16:00:00",13096,
"2026-06-05 17:00:00",9397,
"2026-06-05 18:00:00",6886,
"2026-06-05 19:00:00",5099,
"2026-06-05 20:00:00",4157,
"2026-06-05 21:00:00",3554,
"2026-06-05 22:00:00",2975,
"2026-06-05 23:00:00",3763,
"2026-06-06 00:00:00",4776,10948
"2026-06-06 01:00:00",6384,
"2026-06-06 02:00:00",8064,
"2026-06-06 03:00:00",9131,
"2026-06-06 04:00:00",10723,
"2026-06-06 05:00:00",12294,
"2026-06-06 06:00:00",13497,
"2026-06-06 07:00:00",14244,
"2026-06-06 08:00:00",14461,
"2026-06-06 09:00:00",14379,
"2026-06-06 10:00:00",12929,
"2026-06-06 11:00:00",14925,
"2026-06-06 12:00:00",18229,
"2026-06-06 13:00:00",20915,
"2026-06-06 14:00:00",21167,
"2026-06-06 15:00:00",20627,
"2026-06-06 16:00:00",16471,
"2026-06-06 17:00:00",12078,
"2026-06-06 18:00:00",8875,
"2026-06-06 19:00:00",6776,
"2026-06-06 20:00:00",5499,
"2026-06-06 21:00:00",4859,
"2026-06-06 22:00:00",4497,
"2026-06-06 23:00:00",4536,
"2026-06-07 00:00:00",5772,12146
"2026-06-07 01:00:00",7666,
"2026-06-07 02:00:00",9957,
"2026-06-07 03:00:00",11143,
"2026-06-07 04:00:00",13118,
"2026-06-07 05:00:00",15255,
"2026-06-07 06:00:00",16914,
"2026-06-07 07:00:00",17781,
"2026-06-07 08:00:00",17903,
"2026-06-07 09:00:00",17629,
"2026-06-07 10:00:00",15679,
"2026-06-07 11:00:00",17206,
"2026-06-07 12:00:00",20764,
"2026-06-07 13:00:00",23193,
"2026-06-07 14:00:00",23235,
"2026-06-07 15:00:00",20744,
"2026-06-07 16:00:00",14603,
"2026-06-07 17:00:00",9908,
"2026-06-07 18:00:00",7357,
"2026-06-07 19:00:00",6184,
"2026-06-07 20:00:00",5529,
"2026-06-07 21:00:00",5104,
"2026-06-07 22:00:00",4732,
"2026-06-07 23:00:00",4502,
"2026-06-08 00:00:00",5106,9699
"2026-06-08 01:00:00",5904,
"2026-06-08 02:00:00",7158,
"2026-06-08 03:00:00",7589,
"2026-06-08 04:00:00",8990,
"2026-06-08 05:00:00",9014,
"2026-06-08 06:00:00",9119,
"2026-06-08 07:00:00",9845,
"2026-06-08 08:00:00",10637,
"2026-06-08 09:00:00",10904,
"2026-06-08 10:00:00",12095,
"2026-06-08 11:00:00",14962,
"2026-06-08 12:00:00",19577,
"2026-06-08 13:00:00",23153,
"2026-06-08 14:00:00",23241,
"2026-06-08 15:00:00",20714,
"2026-06-08 16:00:00",14393,
"2026-06-08 17:00:00",9202,
"2026-06-08 18:00:00",6578,
"2026-06-08 19:00:00",5331,
"2026-06-08 20:00:00",4743,
"2026-06-08 21:00:00",4339,
"2026-06-08 22:00:00",4105,
"2026-06-08 23:00:00",4176,
"2026-06-08 23:10:00",4188,
"2026-06-08 23:20:00",4208,
"2026-06-08 23:30:00",4197,
"2026-06-08 23:40:00",4309,
"2026-06-08 23:50:00",4349,
"2026-06-09 00:00:00",4416,10093
"2026-06-09 00:10:00",4491,
"2026-06-09 00:20:00",4590,
"2026-06-09 00:30:00",4770,
"2026-06-09 00:40:00",4937,
"2026-06-09 00:50:00",5087,
"2026-06-09 01:00:00",5222,
"2026-06-09 01:10:00",5355,
"2026-06-09 01:20:00",5521,
"2026-06-09 01:30:00",5693,
"2026-06-09 01:40:00",5856,
"2026-06-09 01:50:00",6066,
"2026-06-09 02:00:00",6261,
"2026-06-09 02:10:00",6514,
"2026-06-09 02:20:00",6745,
"2026-06-09 02:30:00",6904,
"2026-06-09 02:40:00",7140,
"2026-06-09 02:50:00",7357,
"2026-06-09 03:00:00",7528,
"2026-06-09 03:10:00",7626,
"2026-06-09 03:20:00",7667,
"2026-06-09 03:30:00",7679,
"2026-06-09 03:40:00",7750,
"2026-06-09 03:50:00",7835,
"2026-06-09 04:00:00",8022,
"2026-06-09 04:10:00",8314,
"2026-06-09 04:20:00",8709,
"2026-06-09 04:30:00",9101,
"2026-06-09 04:40:00",9417,
"2026-06-09 04:50:00",9682,
"2026-06-09 05:00:00",9809,
"2026-06-09 05:10:00",9831,
"2026-06-09 05:20:00",9762,
"2026-06-09 05:30:00",9648,
"2026-06-09 05:40:00",9479,
"2026-06-09 05:50:00",9406,
"2026-06-09 06:00:00",9401,
"2026-06-09 06:10:00",9325,
"2026-06-09 06:20:00",9348,
"2026-06-09 06:30:00",9430,
"2026-06-09 06:40:00",9559,
"2026-06-09 06:50:00",9608,
"2026-06-09 07:00:00",9659,
"2026-06-09 07:10:00",9800,
"2026-06-09 07:20:00",9927,
"2026-06-09 07:30:00",10004,
"2026-06-09 07:40:00",10177,
"2026-06-09 07:50:00",10389,
"2026-06-09 08:00:00",10651,
"2026-06-09 08:10:00",10853,
"2026-06-09 08:20:00",11185,
"2026-06-09 08:30:00",11309,
"2026-06-09 08:40:00",11471,
"2026-06-09 08:50:00",11559,
"2026-06-09 09:00:00",11640,
"2026-06-09 09:10:00",11745,
"2026-06-09 09:20:00",11706,
"2026-06-09 09:30:00",11686,
"2026-06-09 09:40:00",11712,
"2026-06-09 09:50:00",11693,
"2026-06-09 10:00:00",11736,
"2026-06-09 10:10:00",11726,
"2026-06-09 10:20:00",11850,
"2026-06-09 10:30:00",12129,
"2026-06-09 10:40:00",12348,
"2026-06-09 10:50:00",12553,
"2026-06-09 11:00:00",12976,
"2026-06-09 11:10:00",13421,
"2026-06-09 11:20:00",13982,
"2026-06-09 11:30:00",14625,
"2026-06-09 11:40:00",15390,
"2026-06-09 11:50:00",16147,
"2026-06-09 12:00:00",16824,
"2026-06-09 12:10:00",17506,
"2026-06-09 12:20:00",18226,
"2026-06-09 12:30:00",18948,
"2026-06-09 12:40:00",19803,
"2026-06-09 12:50:00",20540,
"2026-06-09 13:00:00",21220,
"2026-06-09 13:10:00",21925,
"2026-06-09 13:20:00",22543,
"2026-06-09 13:30:00",23142,
"2026-06-09 13:40:00",23547,
"2026-06-09 13:50:00",23739,
"2026-06-09 14:00:00",23628,
"2026-06-09 14:10:00",23567,
"2026-06-09 14:20:00",23518,
"2026-06-09 14:30:00",23384,
"2026-06-09 14:40:00",22965,
"2026-06-09 14:50:00",22474,
"2026-06-09 15:00:00",21628,
"2026-06-09 15:10:00",20303,
"2026-06-09 15:20:00",19229,
"2026-06-09 15:30:00",18247,
"2026-06-09 15:40:00",17104,
"2026-06-09 15:50:00",16158,
"2026-06-09 16:00:00",15087,
"2026-06-09 16:10:00",13843,
"2026-06-09 16:20:00",12828,
"2026-06-09 16:30:00",11963,
"2026-06-09 16:40:00",11190,
"2026-06-09 16:50:00",10524,
"2026-06-09 17:00:00",9915,
"2026-06-09 17:10:00",9355,
"2026-06-09 17:20:00",8731,
"2026-06-09 17:30:00",8156,
"2026-06-09 17:40:00",7698,
"2026-06-09 17:50:00",7318,
"2026-06-09 18:00:00",7024,
"2026-06-09 18:10:00",6714,
"2026-06-09 18:20:00",6396,
"2026-06-09 18:30:00",5956,
"2026-06-09 18:40:00",5772,
"2026-06-09 18:50:00",5579,
"2026-06-09 19:00:00",5431,
"2026-06-09 19:10:00",5280,
"2026-06-09 19:20:00",5151,
"2026-06-09 19:30:00",5002,
"2026-06-09 19:40:00",4910,
"2026-06-09 19:50:00",4810,
"2026-06-09 20:00:00",4695,
"2026-06-09 20:10:00",4555,
"2026-06-09 20:20:00",4448,
"2026-06-09 20:30:00",4382,
"2026-06-09 20:40:00",4337,
"2026-06-09 20:50:00",4263,
"2026-06-09 21:00:00",4191,
"2026-06-09 21:10:00",4098,
"2026-06-09 21:20:00",4035,
"2026-06-09 21:30:00",3966,
"2026-06-09 21:40:00",3916,
"2026-06-09 21:50:00",3883,
"2026-06-09 22:00:00",3770,
"2026-06-09 22:10:00",3418,
"2026-06-09 22:20:00",3577,
"2026-06-09 22:30:00",3629,
"2026-06-09 22:40:00",3688,
"2026-06-09 22:50:00",3723,
"2026-06-09 23:00:00",3720,
"2026-06-09 23:10:00",3785,
"2026-06-09 23:20:00",3901,
"2026-06-09 23:30:00",3952,
"2026-06-09 23:40:00",4012,
"2026-06-09 23:50:00",4058,
"2026-06-10 00:00:00",4088,10447
"2026-06-10 00:10:00",4191,
"2026-06-10 00:20:00",4297,
"2026-06-10 00:30:00",4449,
"2026-06-10 00:40:00",4646,
"2026-06-10 00:50:00",4835,
"2026-06-10 01:00:00",4993,
"2026-06-10 01:10:00",5195,
"2026-06-10 01:20:00",5412,
"2026-06-10 01:30:00",5542,
"2026-06-10 01:40:00",5724,
"2026-06-10 01:50:00",5910,
"2026-06-10 02:00:00",6134,
"2026-06-10 02:10:00",6384,
"2026-06-10 02:20:00",6711,
"2026-06-10 02:30:00",6951,
"2026-06-10 02:40:00",7186,
"2026-06-10 02:50:00",7391,
"2026-06-10 03:00:00",7584,
"2026-06-10 03:10:00",7733,
"2026-06-10 03:20:00",7792,
"2026-06-10 03:30:00",7801,
"2026-06-10 03:40:00",7852,
"2026-06-10 03:50:00",7957,
"2026-06-10 04:00:00",8139,
"2026-06-10 04:10:00",8362,
"2026-06-10 04:20:00",8729,
"2026-06-10 04:30:00",9112,
"2026-06-10 04:40:00",9491,
"2026-06-10 04:50:00",9762,
"2026-06-10 05:00:00",9884,
"2026-06-10 05:10:00",9908,
"2026-06-10 05:20:00",9945,
"2026-06-10 05:30:00",9969,
"2026-06-10 05:40:00",9930,
"2026-06-10 05:50:00",9900,
"2026-06-10 06:00:00",9869,
"2026-06-10 06:10:00",9742,
"2026-06-10 06:20:00",9769,
"2026-06-10 06:30:00",9760,
"2026-06-10 06:40:00",9891,
"2026-06-10 06:50:00",9921,
"2026-06-10 07:00:00",10018,
"2026-06-10 07:10:00",10146,
"2026-06-10 07:20:00",10180,
"2026-06-10 07:30:00",10335,
"2026-06-10 07:40:00",10479,
"2026-06-10 07:50:00",10661,
"2026-06-10 08:00:00",10842,
"2026-06-10 08:10:00",11018,
"2026-06-10 08:20:00",11255,
"2026-06-10 08:30:00",11468,
"2026-06-10 08:40:00",11643,
"2026-06-10 08:50:00",11756,
"2026-06-10 09:00:00",11855,
"2026-06-10 09:10:00",11954,
"2026-06-10 09:20:00",11980,
"2026-06-10 09:30:00",11970,
"2026-06-10 09:40:00",11985,
"2026-06-10 09:50:00",12061,
"2026-06-10 10:00:00",12102,
"2026-06-10 10:10:00",12068,
"2026-06-10 10:20:00",12255,
"2026-06-10 10:30:00",12325,
"2026-06-10 10:40:00",12560,
"2026-06-10 10:50:00",12865,
"2026-06-10 11:00:00",13150,
"2026-06-10 11:10:00",13550,
"2026-06-10 11:20:00",14117,
"2026-06-10 11:30:00",14834,
"2026-06-10 11:40:00",15507,
"2026-06-10 11:50:00",16073,
"2026-06-10 12:00:00",16755,
"2026-06-10 12:10:00",17342,
"2026-06-10 12:20:00",18112,
"2026-06-10 12:30:00",18982,
"2026-06-10 12:40:00",19771,
"2026-06-10 12:50:00",20608,
"2026-06-10 13:00:00",21357,
"2026-06-10 13:10:00",22144,
"2026-06-10 13:20:00",22899,
"2026-06-10 13:30:00",23598,
"2026-06-10 13:40:00",24011,
"2026-06-10 13:50:00",24555,
"2026-06-10 14:00:00",24733,
"2026-06-10 14:10:00",24793,
"2026-06-10 14:20:00",24803,
"2026-06-10 14:30:00",24672,
"2026-06-10 14:40:00",24392,
"2026-06-10 14:50:00",24068,
"2026-06-10 15:00:00",23245,
"2026-06-10 15:10:00",21944,
"2026-06-10 15:20:00",20877,
"2026-06-10 15:30:00",19816,
"2026-06-10 15:40:00",18449,
"2026-06-10 15:50:00",17337,
"2026-06-10 16:00:00",16232,
"2026-06-10 16:10:00",14857,
"2026-06-10 16:20:00",13642,
"2026-06-10 16:30:00",12719,
"2026-06-10 16:40:00",11793,
"2026-06-10 16:50:00",10956,
"2026-06-10 17:00:00",10281,
"2026-06-10 17:10:00",9582,
"2026-06-10 17:20:00",9063,
"2026-06-10 17:30:00",8592,
"2026-06-10 17:40:00",8150,
"2026-06-10 17:50:00",7703,
"2026-06-10 18:00:00",7410,
"2026-06-10 18:10:00",7073,
"2026-06-10 18:20:00",6724,
"2026-06-10 18:30:00",6516,
"2026-06-10 18:40:00",6247,
"2026-06-10 18:50:00",6010,
"2026-06-10 19:00:00",5822,
"2026-06-10 19:10:00",5641,
"2026-06-10 19:20:00",5460,
"2026-06-10 19:30:00",5314,
"2026-06-10 19:40:00",5188,
"2026-06-10 19:50:00",5056,
"2026-06-10 20:00:00",4854,
"2026-06-10 20:10:00",4745,
"2026-06-10 20:20:00",4645,
"2026-06-10 20:30:00",4592,
"2026-06-10 20:40:00",4557,
"2026-06-10 20:50:00",4428,
"2026-06-10 21:00:00",4404,
"2026-06-10 21:10:00",4313,
"2026-06-10 21:20:00",4240,
"2026-06-10 21:30:00",4179,
"2026-06-10 21:40:00",4137,
"2026-06-10 21:50:00",4081,
"2026-06-10 22:00:00",4047,
"2026-06-10 22:10:00",3945,
"2026-06-10 22:20:00",3911,
"2026-06-10 22:30:00",3899,
"2026-06-10 22:40:00",3900,
"2026-06-10 22:50:00",3900,
"2026-06-10 23:00:00",3926,
"2026-06-10 23:10:00",3968,
"2026-06-10 23:20:00",3985,
"2026-06-10 23:30:00",4039,
"2026-06-10 23:40:00",4151,
"2026-06-10 23:50:00",4270,
"2026-06-11 00:00:00",4376,10525
"2026-06-11 00:10:00",4461,
"2026-06-11 00:20:00",4547,
"2026-06-11 00:30:00",4699,
"2026-06-11 00:40:00",4836,
"2026-06-11 00:50:00",4878,
"2026-06-11 01:00:00",5172,
"2026-06-11 01:10:00",5374,
"2026-06-11 01:20:00",5610,
"2026-06-11 01:30:00",5794,
"2026-06-11 01:40:00",6032,
"2026-06-11 01:50:00",6243,
"2026-06-11 02:00:00",6514,
"2026-06-11 02:10:00",6837,
"2026-06-11 02:20:00",7110,
"2026-06-11 02:30:00",7411,
"2026-06-11 02:40:00",7627,
"2026-06-11 02:50:00",7834,
"2026-06-11 03:00:00",7948,
"2026-06-11 03:10:00",8061,
"2026-06-11 03:20:00",8070,
"2026-06-11 03:30:00",8033,
"2026-06-11 03:40:00",8009,
"2026-06-11 03:50:00",8225,
"2026-06-11 04:00:00",8358,
"2026-06-11 04:10:00",8612,
"2026-06-11 04:20:00",8999,
"2026-06-11 04:30:00",9320,
"2026-06-11 04:40:00",9725,
"2026-06-11 04:50:00",10010,
"2026-06-11 05:00:00",10122,
"2026-06-11 05:10:00",10061,
"2026-06-11 05:20:00",10047,
"2026-06-11 05:30:00",10013,
"2026-06-11 05:40:00",9942,
"2026-06-11 05:50:00",9904,
"2026-06-11 06:00:00",9790,
"2026-06-11 06:10:00",9747,
"2026-06-11 06:20:00",9676,
"2026-06-11 06:30:00",9672,
"2026-06-11 06:40:00",9793,
"2026-06-11 06:50:00",9828,
"2026-06-11 07:00:00",9942,
"2026-06-11 07:10:00",9995,
"2026-06-11 07:20:00",10179,
"2026-06-11 07:30:00",10314,
"2026-06-11 07:40:00",10500,
"2026-06-11 07:50:00",10743,
"2026-06-11 08:00:00",10938,
"2026-06-11 08:10:00",11111,
"2026-06-11 08:20:00",11344,
"2026-06-11 08:30:00",11511,
"2026-06-11 08:40:00",11713,
"2026-06-11 08:50:00",11888,
"2026-06-11 09:00:00",11995,
"2026-06-11 09:10:00",11984,
"2026-06-11 09:20:00",12021,
"2026-06-11 09:30:00",12080,
"2026-06-11 09:40:00",12123,
"2026-06-11 09:50:00",12102,
"2026-06-11 10:00:00",12023,
"2026-06-11 10:10:00",12027,
"2026-06-11 10:20:00",12052,
"2026-06-11 10:30:00",12201,
"2026-06-11 10:40:00",12455,
"2026-06-11 10:50:00",12780,
"2026-06-11 11:00:00",13184,
"2026-06-11 11:10:00",13686,
"2026-06-11 11:20:00",14213,
"2026-06-11 11:30:00",14862,
"2026-06-11 11:40:00",15544,
"2026-06-11 11:50:00",16222,
"2026-06-11 12:00:00",16983,
"2026-06-11 12:10:00",17734,
"2026-06-11 12:20:00",18452,
"2026-06-11 12:30:00",19255,
"2026-06-11 12:40:00",20093,
"2026-06-11 12:50:00",20898,
"2026-06-11 13:00:00",21641,
"2026-06-11 13:10:00",22450,
"2026-06-11 13:20:00",23079,
"2026-06-11 13:30:00",23770,
"2026-06-11 13:40:00",24253,
"2026-06-11 13:50:00",24657,
"2026-06-11 14:00:00",24841,
"2026-06-11 14:10:00",24871,
"2026-06-11 14:20:00",24833,
"2026-06-11 14:30:00",24623,
"2026-06-11 14:40:00",24249,
"2026-06-11 14:50:00",23805,
"2026-06-11 15:00:00",22919,
"2026-06-11 15:10:00",21603,
"2026-06-11 15:20:00",20481,
"2026-06-11 15:30:00",19423,
"2026-06-11 15:40:00",18219,
"2026-06-11 15:50:00",17118,
"2026-06-11 16:00:00",16016,
"2026-06-11 16:10:00",14695,
"2026-06-11 16:20:00",13621,
"2026-06-11 16:30:00",12642,
"2026-06-11 16:40:00",11805,
"2026-06-11 16:50:00",11202,
"2026-06-11 17:00:00",10499,
"2026-06-11 17:10:00",9450,
"2026-06-11 17:20:00",9201,
"2026-06-11 17:30:00",8799,
"2026-06-11 17:40:00",8344,
"2026-06-11 17:50:00",7938,
"2026-06-11 18:00:00",7568,
"2026-06-11 18:10:00",7167,
"2026-06-11 18:20:00",6895,
"2026-06-11 18:30:00",6644,
"2026-06-11 18:40:00",6355,
"2026-06-11 18:50:00",6130,
"2026-06-11 19:00:00",5907,
"2026-06-11 19:10:00",5702,
"2026-06-11 19:20:00",5546,
"2026-06-11 19:30:00",5461,
"2026-06-11 19:40:00",5332,
"2026-06-11 19:50:00",5191,
"2026-06-11 20:00:00",5008,
"2026-06-11 20:10:00",4913,
"2026-06-11 20:20:00",4819,
"2026-06-11 20:30:00",4673,
"2026-06-11 20:40:00",4608,
"2026-06-11 20:50:00",4497,
"2026-06-11 21:00:00",4406,
"2026-06-11 21:10:00",4331,
"2026-06-11 21:20:00",4284,
"2026-06-11 21:30:00",4200,
"2026-06-11 21:40:00",4174,
"2026-06-11 21:50:00",4149,
"2026-06-11 22:00:00",4106,
"2026-06-11 22:10:00",4139,
"2026-06-11 22:20:00",4145,
"2026-06-11 22:30:00",4125,
"2026-06-11 22:40:00",4102,
"2026-06-11 22:50:00",4123,
"2026-06-11 23:00:00",4128,
"2026-06-11 23:10:00",4127,
"2026-06-11 23:20:00",4172,
"2026-06-11 23:30:00",4258,
"2026-06-11 23:40:00",4306,
"2026-06-11 23:50:00",4353,
"2026-06-12 00:00:00",4458,11653
"2026-06-12 00:10:00",4620,
"2026-06-12 00:20:00",4773,
"2026-06-12 00:30:00",4906,
"2026-06-12 00:40:00",5109,
"2026-06-12 00:50:00",5267,
"2026-06-12 01:00:00",5471,
"2026-06-12 01:10:00",5660,
"2026-06-12 01:20:00",5851,
"2026-06-12 01:30:00",6021,
"2026-06-12 01:40:00",6235,
"2026-06-12 01:50:00",6497,
"2026-06-12 02:00:00",6747,
"2026-06-12 02:10:00",6982,
"2026-06-12 02:20:00",7309,
"2026-06-12 02:30:00",7608,
"2026-06-12 02:40:00",7860,
"2026-06-12 02:50:00",8086,
"2026-06-12 03:00:00",8185,
"2026-06-12 03:10:00",8289,
"2026-06-12 03:20:00",8372,
"2026-06-12 03:30:00",8436,
"2026-06-12 03:40:00",8515,
"2026-06-12 03:50:00",8533,
"2026-06-12 04:00:00",8717,
"2026-06-12 04:10:00",8929,
"2026-06-12 04:20:00",9264,
"2026-06-12 04:30:00",9701,
"2026-06-12 04:40:00",10021,
"2026-06-12 04:50:00",10209,
"2026-06-12 05:00:00",10403,
"2026-06-12 05:10:00",10516,
"2026-06-12 05:20:00",10543,
"2026-06-12 05:30:00",10593,
"2026-06-12 05:40:00",10607,
"2026-06-12 05:50:00",10597,
"2026-06-12 06:00:00",10497,
"2026-06-12 06:10:00",10504,
"2026-06-12 06:20:00",10583,
"2026-06-12 06:30:00",10675,
"2026-06-12 06:40:00",10837,
"2026-06-12 06:50:00",10998,
"2026-06-12 07:00:00",11064,
"2026-06-12 07:10:00",11147,
"2026-06-12 07:20:00",11271,
"2026-06-12 07:30:00",11463,
"2026-06-12 07:40:00",11628,
"2026-06-12 07:50:00",11815,
"2026-06-12 08:00:00",12092,
"2026-06-12 08:10:00",12344,
"2026-06-12 08:20:00",12631,
"2026-06-12 08:30:00",12846,
"2026-06-12 08:40:00",13091,
"2026-06-12 08:50:00",13263,
"2026-06-12 09:00:00",13280,
"2026-06-12 09:10:00",13333,
"2026-06-12 09:20:00",13242,
"2026-06-12 09:30:00",13242,
"2026-06-12 09:40:00",13234,
"2026-06-12 09:50:00",13229,
"2026-06-12 10:00:00",13315,
"2026-06-12 10:10:00",13404,
"2026-06-12 10:20:00",13602,
"2026-06-12 10:30:00",13795,
"2026-06-12 10:40:00",14087,
"2026-06-12 10:50:00",14480,
"2026-06-12 11:00:00",14873,
"2026-06-12 11:10:00",15336,
"2026-06-12 11:20:00",15795,
"2026-06-12 11:30:00",16342,
"2026-06-12 11:40:00",16866,
"2026-06-12 11:50:00",17581,
"2026-06-12 12:00:00",18427,
"2026-06-12 12:10:00",19169,
"2026-06-12 12:20:00",19924,
"2026-06-12 12:30:00",20537,
"2026-06-12 12:40:00",21283,
"2026-06-12 12:50:00",22020,
"2026-06-12 13:00:00",22741,
"2026-06-12 13:10:00",23292,
"2026-06-12 13:20:00",23981,
"2026-06-12 13:30:00",24410,
"2026-06-12 13:40:00",24968,
"2026-06-12 13:50:00",25356,
"2026-06-12 14:00:00",25572,
"2026-06-12 14:10:00",25753,
"2026-06-12 14:20:00",25790,
"2026-06-12 14:30:00",25817,
"2026-06-12 14:40:00",25643,
"2026-06-12 14:50:00",25500,
"2026-06-12 15:00:00",24915,
"2026-06-12 15:10:00",24156,
"2026-06-12 15:20:00",23316,
"2026-06-12 15:30:00",22275,
"2026-06-12 15:40:00",21283,
"2026-06-12 15:50:00",20274,
"2026-06-12 16:00:00",19167,
"2026-06-12 16:10:00",17959,
"2026-06-12 16:20:00",16930,
"2026-06-12 16:30:00",16014,
"2026-06-12 16:40:00",15156,
"2026-06-12 16:50:00",14302,
"2026-06-12 17:00:00",13467,
"2026-06-12 17:10:00",12677,
"2026-06-12 17:20:00",12004,
"2026-06-12 17:30:00",11425,
"2026-06-12 17:40:00",10742,
"2026-06-12 17:50:00",10203,
"2026-06-12 18:00:00",9676,
"2026-06-12 18:10:00",9187,
"2026-06-12 18:20:00",8797,
"2026-06-12 18:30:00",8434,
"2026-06-12 18:40:00",8056,
"2026-06-12 18:50:00",7658,
"2026-06-12 19:00:00",7384,
"2026-06-12 19:10:00",7050,
"2026-06-12 19:20:00",6758,
"2026-06-12 19:30:00",6539,
"2026-06-12 19:40:00",6326,
"2026-06-12 19:50:00",6164,
"2026-06-12 20:00:00",6040,
"2026-06-12 20:10:00",5900,
"2026-06-12 20:20:00",5689,
"2026-06-12 20:30:00",5590,
"2026-06-12 20:40:00",5496,
"2026-06-12 20:50:00",5359,
"2026-06-12 21:00:00",5254,
"2026-06-12 21:10:00",5124,
"2026-06-12 21:20:00",5023,
"2026-06-12 21:30:00",4946,
"2026-06-12 21:40:00",4887,
"2026-06-12 21:50:00",4876,
"2026-06-12 22:00:00",4812,
"2026-06-12 22:10:00",4781,
"2026-06-12 22:20:00",4774,
"2026-06-12 22:30:00",4735,
"2026-06-12 22:40:00",4764,
"2026-06-12 22:50:00",4803,
"2026-06-12 23:00:00",4840,
"2026-06-12 23:10:00",4853,
"2026-06-12 23:20:00",4920,
"2026-06-12 23:30:00",5000,
"2026-06-12 23:40:00",5062,
"2026-06-12 23:50:00",5155,
"2026-06-13 00:00:00",5287,14463
"2026-06-13 00:10:00",5471,
"2026-06-13 00:20:00",5606,
"2026-06-13 00:30:00",5829,
"2026-06-13 00:40:00",6038,
"2026-06-13 00:50:00",6290,
"2026-06-13 01:00:00",6558,
"2026-06-13 01:10:00",6918,
"2026-06-13 01:20:00",7183,
"2026-06-13 01:30:00",7566,
"2026-06-13 01:40:00",7975,
"2026-06-13 01:50:00",8371,
"2026-06-13 02:00:00",8666,
"2026-06-13 02:10:00",9134,
"2026-06-13 02:20:00",9503,
"2026-06-13 02:30:00",9814,
"2026-06-13 02:40:00",10121,
"2026-06-13 02:50:00",10470,
"2026-06-13 03:00:00",10667,
"2026-06-13 03:10:00",10883,
"2026-06-13 03:20:00",11042,
"2026-06-13 03:30:00",11214,
"2026-06-13 03:40:00",11566,
"2026-06-13 03:50:00",11885,
"2026-06-13 04:00:00",12212,
"2026-06-13 04:10:00",12546,
"2026-06-13 04:20:00",12889,
"2026-06-13 04:30:00",13273,
"2026-06-13 04:40:00",13683,
"2026-06-13 04:50:00",14122,
"2026-06-13 05:00:00",14541,
"2026-06-13 05:10:00",15013,
"2026-06-13 05:20:00",15422,
"2026-06-13 05:30:00",15766,
"2026-06-13 05:40:00",16085,
"2026-06-13 05:50:00",16400,
"2026-06-13 06:00:00",16652,
"2026-06-13 06:10:00",16788,
"2026-06-13 06:20:00",17100,
"2026-06-13 06:30:00",17331,
"2026-06-13 06:40:00",17592,
"2026-06-13 06:50:00",17845,
"2026-06-13 07:00:00",17927,
"2026-06-13 07:10:00",18130,
"2026-06-13 07:20:00",18317,
"2026-06-13 07:30:00",18454,
"2026-06-13 07:40:00",18631,
"2026-06-13 07:50:00",18706,
"2026-06-13 08:00:00",18690,
"2026-06-13 08:10:00",18662,
"2026-06-13 08:20:00",18691,
"2026-06-13 08:30:00",18788,
"2026-06-13 08:40:00",18827,
"2026-06-13 08:50:00",18700,
"2026-06-13 09:00:00",18612,
"2026-06-13 09:10:00",18410,
"2026-06-13 09:20:00",18182,
"2026-06-13 09:30:00",17916,
"2026-06-13 09:40:00",17665,
"2026-06-13 09:50:00",17599,
"2026-06-13 10:00:00",17409,
"2026-06-13 10:10:00",17281,
"2026-06-13 10:20:00",17247,
"2026-06-13 10:30:00",17293,
"2026-06-13 10:40:00",17438,
"2026-06-13 10:50:00",17636,
"2026-06-13 11:00:00",17920,
"2026-06-13 11:10:00",18350,
"2026-06-13 11:20:00",18767,
"2026-06-13 11:30:00",19302,
"2026-06-13 11:40:00",19935,
"2026-06-13 11:50:00",20416,
"2026-06-13 12:00:00",21011,
"2026-06-13 12:10:00",21765,
"2026-06-13 12:20:00",22564,
"2026-06-13 12:30:00",23258,
"2026-06-13 12:40:00",23898,
"2026-06-13 12:50:00",24463,
"2026-06-13 13:00:00",25055,
"2026-06-13 13:10:00",25759,
"2026-06-13 13:20:00",26474,
"2026-06-13 13:30:00",26867,
"2026-06-13 13:40:00",27295,
"2026-06-13 13:50:00",27681,
"2026-06-13 14:00:00",27713,
"2026-06-13 14:10:00",27743,
"2026-06-13 14:20:00",27971,
"2026-06-13 14:30:00",27946,
"2026-06-13 14:40:00",27840,
"2026-06-13 14:50:00",27564,
"2026-06-13 15:00:00",27067,
"2026-06-13 15:10:00",26256,
"2026-06-13 15:20:00",25584,
"2026-06-13 15:30:00",24851,
"2026-06-13 15:40:00",23958,
"2026-06-13 15:50:00",22926,
"2026-06-13 16:00:00",21926,
"2026-06-13 16:10:00",20660,
"2026-06-13 16:20:00",19682,
"2026-06-13 16:30:00",18761,
"2026-06-13 16:40:00",17901,
"2026-06-13 16:50:00",17047,
"2026-06-13 17:00:00",16137,
"2026-06-13 17:10:00",15246,
"2026-06-13 17:20:00",14447,
"2026-06-13 17:30:00",13673,
"2026-06-13 17:40:00",13044,
"2026-06-13 17:50:00",12418,
"2026-06-13 18:00:00",11818,
"2026-06-13 18:10:00",11175,
"2026-06-13 18:20:00",10604,
"2026-06-13 18:30:00",10103,
"2026-06-13 18:40:00",9632,
"2026-06-13 18:50:00",9167,
"2026-06-13 19:00:00",8718,
"2026-06-13 19:10:00",8362,
"2026-06-13 19:20:00",8053,
"2026-06-13 19:30:00",7786,
"2026-06-13 19:40:00",7571,
"2026-06-13 19:50:00",7268,
"2026-06-13 20:00:00",7071,
"2026-06-13 20:10:00",6931,
"2026-06-13 20:20:00",6786,
"2026-06-13 20:30:00",6616,
"2026-06-13 20:40:00",6461,
"2026-06-13 20:50:00",6340,
"2026-06-13 21:00:00",6213,
"2026-06-13 21:10:00",6042,
"2026-06-13 21:20:00",5953,
"2026-06-13 21:30:00",5843,
"2026-06-13 21:40:00",5743,
"2026-06-13 21:50:00",5679,
"2026-06-13 22:00:00",5573,
"2026-06-13 22:10:00",5496,
"2026-06-13 22:20:00",5417,
"2026-06-13 22:30:00",5360,
"2026-06-13 22:40:00",5354,
"2026-06-13 22:50:00",5342,
"2026-06-13 23:00:00",5414,
"2026-06-13 23:10:00",5441,
"2026-06-13 23:20:00",5445,
"2026-06-13 23:30:00",5513,
"2026-06-13 23:40:00",5606,
"2026-06-13 23:50:00",5694,
"2026-06-14 00:00:00",5787,14642
"2026-06-14 00:10:00",6003,
"2026-06-14 00:20:00",6311,
"2026-06-14 00:30:00",6532,
"2026-06-14 00:40:00",6842,
"2026-06-14 00:50:00",7095,
"2026-06-14 01:00:00",7373,
"2026-06-14 01:10:00",7757,
"2026-06-14 01:20:00",8134,
"2026-06-14 01:30:00",8530,
"2026-06-14 01:40:00",9028,
"2026-06-14 01:50:00",9556,
"2026-06-14 02:00:00",9935,
"2026-06-14 02:10:00",10477,
"2026-06-14 02:20:00",11023,
"2026-06-14 02:30:00",11496,
"2026-06-14 02:40:00",11887,
"2026-06-14 02:50:00",12335,
"2026-06-14 03:00:00",12712,
"2026-06-14 03:10:00",13011,
"2026-06-14 03:20:00",13280,
"2026-06-14 03:30:00",13425,
"2026-06-14 03:40:00",13682,
"2026-06-14 03:50:00",13837,
"2026-06-14 04:00:00",14028,
"2026-06-14 04:10:00",14347,
"2026-06-14 04:20:00",14700,
"2026-06-14 04:30:00",15089,
"2026-06-14 04:40:00",15484,
"2026-06-14 04:50:00",15908,
"2026-06-14 05:00:00",16317,
"2026-06-14 05:10:00",16705,
"2026-06-14 05:20:00",17172,
"2026-06-14 05:30:00",17642,
"2026-06-14 05:40:00",18062,
"2026-06-14 05:50:00",18402,
"2026-06-14 06:00:00",18749,
"2026-06-14 06:10:00",19027,
"2026-06-14 06:20:00",19338,
"2026-06-14 06:30:00",19553,
"2026-06-14 06:40:00",19832,
"2026-06-14 06:50:00",20181,
"2026-06-14 07:00:00",20490,
"2026-06-14 07:10:00",20769,
"2026-06-14 07:20:00",20915,
"2026-06-14 07:30:00",21097,
"2026-06-14 07:40:00",21174,
"2026-06-14 07:50:00",21340,
"2026-06-14 08:00:00",21341,
"2026-06-14 08:10:00",21363,
"2026-06-14 08:20:00",21477,
"2026-06-14 08:30:00",21462,
"2026-06-14 08:40:00",21397,
"2026-06-14 08:50:00",21370,
"2026-06-14 09:00:00",21074,
"2026-06-14 09:10:00",20733,
"2026-06-14 09:20:00",20409,
"2026-06-14 09:30:00",20097,
"2026-06-14 09:40:00",19751,
"2026-06-14 09:50:00",19345,
"2026-06-14 10:00:00",18912,
"2026-06-14 10:10:00",18561,
"2026-06-14 10:20:00",18253,
"2026-06-14 10:30:00",18030,
"2026-06-14 10:40:00",17893,
"2026-06-14 10:50:00",17894,
"2026-06-14 11:00:00",18062,
"2026-06-14 11:10:00",18415,
"2026-06-14 11:20:00",18738,
"2026-06-14 11:30:00",19195,
"2026-06-14 11:40:00",19889,
"2026-06-14 11:50:00",20240,
"2026-06-14 12:00:00",21119,
"2026-06-14 12:10:00",21912,
"2026-06-14 12:20:00",22710,
"2026-06-14 12:30:00",23470,
"2026-06-14 12:40:00",24244,
"2026-06-14 12:50:00",24882,
"2026-06-14 13:00:00",25475,
"2026-06-14 13:10:00",26084,
"2026-06-14 13:20:00",26761,
"2026-06-14 13:30:00",27151,
"2026-06-14 13:40:00",27534,
"2026-06-14 13:50:00",27746,
"2026-06-14 14:00:00",27826,
"2026-06-14 14:10:00",27821,
"2026-06-14 14:20:00",27701,
"2026-06-14 14:30:00",27325,
"2026-06-14 14:40:00",26867,
"2026-06-14 14:50:00",26418,
"2026-06-14 15:00:00",25486,
"2026-06-14 15:10:00",24030,
"2026-06-14 15:20:00",22856,
"2026-06-14 15:30:00",21644,
"2026-06-14 15:40:00",20398,
"2026-06-14 15:50:00",19271,
"2026-06-14 16:00:00",18038,
"2026-06-14 16:10:00",16652,
"2026-06-14 16:20:00",15653,
"2026-06-14 16:30:00",14623,
"2026-06-14 16:40:00",13848,
"2026-06-14 16:50:00",13075,
"2026-06-14 17:00:00",12287,
"2026-06-14 17:10:00",11545,
"2026-06-14 17:20:00",10995,
"2026-06-14 17:30:00",10438,
"2026-06-14 17:40:00",9950,
"2026-06-14 17:50:00",9515,
"2026-06-14 18:00:00",9161,
"2026-06-14 18:10:00",8695,
"2026-06-14 18:20:00",8358,
"2026-06-14 18:30:00",8156,
"2026-06-14 18:40:00",7922,
"2026-06-14 18:50:00",7659,
"2026-06-14 19:00:00",7453,
"2026-06-14 19:10:00",7188,
"2026-06-14 19:20:00",6997,
"2026-06-14 19:30:00",6804,
"2026-06-14 19:40:00",6703,
"2026-06-14 19:50:00",6557,
"2026-06-14 20:00:00",6400,
"2026-06-14 20:10:00",6231,
"2026-06-14 20:20:00",6142,
"2026-06-14 20:30:00",6041,
"2026-06-14 20:40:00",5953,
"2026-06-14 20:50:00",5865,
"2026-06-14 21:00:00",5764,
"2026-06-14 21:10:00",5662,
"2026-06-14 21:20:00",5488,
"2026-06-14 21:30:00",5371,
"2026-06-14 21:40:00",5293,
"2026-06-14 21:50:00",5233,
"2026-06-14 22:00:00",5168,
"2026-06-14 22:10:00",5116,
"2026-06-14 22:20:00",5112,
"2026-06-14 22:30:00",5072,
"2026-06-14 22:40:00",5046,
"2026-06-14 22:50:00",5020,
"2026-06-14 23:00:00",5028,
"2026-06-14 23:10:00",4987,
"2026-06-14 23:20:00",4951,
"2026-06-14 23:30:00",4943,
"2026-06-14 23:40:00",5006,
"2026-06-14 23:50:00",5094,
"2026-06-15 00:00:00",5136,15487
"2026-06-15 00:10:00",5222,
"2026-06-15 00:20:00",5355,
"2026-06-15 00:30:00",5484,
"2026-06-15 00:40:00",5595,
"2026-06-15 00:50:00",5689,
"2026-06-15 01:00:00",5821,15390
"2026-06-15 01:10:00",5987,
"2026-06-15 01:20:00",6212,
"2026-06-15 01:30:00",6423,
"2026-06-15 01:40:00",6643,
"2026-06-15 01:50:00",6847,
"2026-06-15 02:00:00",7086,15238
"2026-06-15 02:10:00",7308,
"2026-06-15 02:20:00",7587,
"2026-06-15 02:30:00",7836,
"2026-06-15 02:40:00",8074,
"2026-06-15 02:50:00",8288,
"2026-06-15 03:00:00",8535,15051
"2026-06-15 03:10:00",8685,
"2026-06-15 03:20:00",8721,
"2026-06-15 03:30:00",8772,
"2026-06-15 03:40:00",8881,
"2026-06-15 03:50:00",8973,
"2026-06-15 04:00:00",9082,14846
"2026-06-15 04:10:00",9348,
"2026-06-15 04:20:00",9709,
"2026-06-15 04:30:00",10096,
"2026-06-15 04:40:00",10379,
"2026-06-15 04:50:00",10642,
"2026-06-15 05:00:00",10675,14540
"2026-06-15 05:10:00",10729,
"2026-06-15 05:20:00",10685,
"2026-06-15 05:30:00",10698,
"2026-06-15 05:40:00",10646,
"2026-06-15 05:50:00",10583,
"2026-06-15 06:00:00",10493,14161
"2026-06-15 06:10:00",10400,
"2026-06-15 06:20:00",10495,
"2026-06-15 06:30:00",10576,
"2026-06-15 06:40:00",10675,
"2026-06-15 06:50:00",10732,
"2026-06-15 07:00:00",10793,13766
"2026-06-15 07:10:00",10921,
"2026-06-15 07:20:00",11006,
"2026-06-15 07:30:00",11119,
"2026-06-15 07:40:00",11345,
"2026-06-15 07:50:00",11530,
"2026-06-15 08:00:00",11711,13401
"2026-06-15 08:10:00",11856,
"2026-06-15 08:20:00",12015,
"2026-06-15 08:30:00",12155,
"2026-06-15 08:40:00",12340,
"2026-06-15 08:50:00",12446,
"2026-06-15 09:00:00",12540,13058
"2026-06-15 09:10:00",12527,
"2026-06-15 09:20:00",12595,
"2026-06-15 09:30:00",12576,
"2026-06-15 09:40:00",12562,
"2026-06-15 09:50:00",12651,
"2026-06-15 10:00:00",12739,12858
"2026-06-15 10:10:00",12823,
"2026-06-15 10:20:00",13115,
"2026-06-15 10:30:00",13400,
"2026-06-15 10:40:00",13608,
"2026-06-15 10:50:00",14013,
"2026-06-15 11:00:00",14441,12750
"2026-06-15 11:10:00",14894,
"2026-06-15 11:20:00",15470,
"2026-06-15 11:30:00",16163,
"2026-06-15 11:40:00",16872,
"2026-06-15 11:50:00",17621,
"2026-06-15 12:00:00",18327,12648
"2026-06-15 12:10:00",19132,
"2026-06-15 12:20:00",20010,
"2026-06-15 12:30:00",20925,
"2026-06-15 12:40:00",21755,
"2026-06-15 12:50:00",22573,
"2026-06-15 13:00:00",23393,12597
"2026-06-15 13:10:00",24237,
"2026-06-15 13:20:00",25022,
"2026-06-15 13:30:00",25644,
"2026-06-15 13:40:00",26368,
"2026-06-15 13:50:00",26809,
"2026-06-15 14:00:00",26963,12542
"2026-06-15 14:10:00",26966,
"2026-06-15 14:20:00",26779,
"2026-06-15 14:30:00",26557,
"2026-06-15 14:40:00",26164,
"2026-06-15 14:50:00",25658,
"2026-06-15 15:00:00",24791,12494
"2026-06-15 15:10:00",23416,
"2026-06-15 15:20:00",22271,
"2026-06-15 15:30:00",21070,
"2026-06-15 15:40:00",19851,
"2026-06-15 15:50:00",18760,
"2026-06-15 16:00:00",17605,12460
"2026-06-15 16:10:00",16197,
"2026-06-15 16:20:00",14958,
"2026-06-15 16:30:00",13917,
"2026-06-15 16:40:00",13017,
"2026-06-15 16:50:00",12229,
"2026-06-15 17:00:00",11454,12419
"2026-06-15 17:10:00",10825,
"2026-06-15 17:20:00",10132,
"2026-06-15 17:30:00",9588,
"2026-06-15 17:40:00",9146,
"2026-06-15 17:50:00",8669,
"2026-06-15 18:00:00",8258,12383
"2026-06-15 18:10:00",7871,
"2026-06-15 18:20:00",7544,
"2026-06-15 18:30:00",7264,
"2026-06-15 18:40:00",7027,
"2026-06-15 18:50:00",6751,
"2026-06-15 19:00:00",6557,12351
"2026-06-15 19:10:00",6341,
"2026-06-15 19:20:00",6158,
"2026-06-15 19:30:00",5978,
"2026-06-15 19:40:00",5814,
"2026-06-15 19:50:00",5644,
"2026-06-15 20:00:00",5515,12322
"2026-06-15 20:10:00",5391,
"2026-06-15 20:20:00",5272,
"2026-06-15 20:30:00",5145,
"2026-06-15 20:40:00",5014,
"2026-06-15 20:50:00",4901,
"2026-06-15 21:00:00",4819,12292
"2026-06-15 21:10:00",4752,
"2026-06-15 21:20:00",4641,
"2026-06-15 21:30:00",4557,
"2026-06-15 21:40:00",4516,
"2026-06-15 21:50:00",4485,
"2026-06-15 22:00:00",4440,12272
"2026-06-15 22:10:00",4389,
"2026-06-15 22:20:00",4358,
"2026-06-15 22:30:00",4365,
"2026-06-15 22:40:00",4356,
"2026-06-15 22:50:00",4381,
"2026-06-15 23:00:00",4353,12252